Filename,main_th,main_th_sd,main_th_min,main_th_max
F_CYL_OUTR_1_LEN_102_OVERSAMPLE_SKEL,1,0,1,1
F_CYL_OUTR_1_LEN_112_OVERSAMPLE_SKEL,1,0,1,1
F_CYL_OUTR_1_LEN_12_OVERSAMPLE_SKEL,1,0,1,1
F_CYL_OUTR_1_LEN_122_OVERSAMPLE_SKEL,1,0,1,1
F_CYL_OUTR_1_LEN_132_OVERSAMPLE_SKEL,1,0,1,1
F_CYL_OUTR_1_LEN_142_OVERSAMPLE_SKEL,1,0,1,1
F_CYL_OUTR_1_LEN_152_OVERSAMPLE_SKEL,1,0,1,1
F_CYL_OUTR_1_LEN_162_OVERSAMPLE_SKEL,1,0,1,1
F_CYL_OUTR_1_LEN_172_OVERSAMPLE_SKEL,1,0,1,1
F_CYL_OUTR_1_LEN_182_OVERSAMPLE_SKEL,1,0,1,1
F_CYL_OUTR_1_LEN_192_OVERSAMPLE_SKEL,1,0,1,1
F_CYL_OUTR_1_LEN_2_OVERSAMPLE_SKEL,1,0,1,1
F_CYL_OUTR_1_LEN_22_OVERSAMPLE_SKEL,1,0,1,1
F_CYL_OUTR_1_LEN_32_OVERSAMPLE_SKEL,1,0,1,1
F_CYL_OUTR_1_LEN_42_OVERSAMPLE_SKEL,1,0,1,1
F_CYL_OUTR_1_LEN_52_OVERSAMPLE_SKEL,1,0,1,1
F_CYL_OUTR_1_LEN_62_OVERSAMPLE_SKEL,1,0,1,1
F_CYL_OUTR_1_LEN_72_OVERSAMPLE_SKEL,1,0,1,1
F_CYL_OUTR_1_LEN_82_OVERSAMPLE_SKEL,1,0,1,1
F_CYL_OUTR_1_LEN_92_OVERSAMPLE_SKEL,1,0,1,1
F_CYL_OUTR_10_LEN_102_OVERSAMPLE_SKEL,8.602325267,3.55E-15,8.602325267,8.602325267
F_CYL_OUTR_10_LEN_112_OVERSAMPLE_SKEL,8.602325267,1.78E-15,8.602325267,8.602325267
F_CYL_OUTR_10_LEN_12_OVERSAMPLE_SKEL,8.602325267,3.55E-15,8.602325267,8.602325267
F_CYL_OUTR_10_LEN_122_OVERSAMPLE_SKEL,8.602325267,1.78E-15,8.602325267,8.602325267
F_CYL_OUTR_10_LEN_132_OVERSAMPLE_SKEL,8.602325267,1.78E-15,8.602325267,8.602325267
F_CYL_OUTR_10_LEN_142_OVERSAMPLE_SKEL,8.602325267,1.78E-15,8.602325267,8.602325267
F_CYL_OUTR_10_LEN_152_OVERSAMPLE_SKEL,8.602325267,1.78E-15,8.602325267,8.602325267
F_CYL_OUTR_10_LEN_162_OVERSAMPLE_SKEL,8.602325267,1.78E-15,8.602325267,8.602325267
F_CYL_OUTR_10_LEN_172_OVERSAMPLE_SKEL,8.602325267,1.78E-15,8.602325267,8.602325267
F_CYL_OUTR_10_LEN_182_OVERSAMPLE_SKEL,8.602325267,1.78E-15,8.602325267,8.602325267
F_CYL_OUTR_10_LEN_192_OVERSAMPLE_SKEL,8.602325267,1.78E-15,8.602325267,8.602325267
F_CYL_OUTR_10_LEN_2_OVERSAMPLE_SKEL,1,0,1,1
F_CYL_OUTR_10_LEN_22_OVERSAMPLE_SKEL,8.602325267,1.78E-15,8.602325267,8.602325267
F_CYL_OUTR_10_LEN_32_OVERSAMPLE_SKEL,8.602325267,1.78E-15,8.602325267,8.602325267
F_CYL_OUTR_10_LEN_42_OVERSAMPLE_SKEL,8.602325267,1.78E-15,8.602325267,8.602325267
F_CYL_OUTR_10_LEN_52_OVERSAMPLE_SKEL,8.602325267,3.55E-15,8.602325267,8.602325267
F_CYL_OUTR_10_LEN_62_OVERSAMPLE_SKEL,8.602325267,1.78E-15,8.602325267,8.602325267
F_CYL_OUTR_10_LEN_72_OVERSAMPLE_SKEL,8.602325267,3.55E-15,8.602325267,8.602325267
F_CYL_OUTR_10_LEN_82_OVERSAMPLE_SKEL,8.602325267,1.78E-15,8.602325267,8.602325267
F_CYL_OUTR_10_LEN_92_OVERSAMPLE_SKEL,8.602325267,3.55E-15,8.602325267,8.602325267
F_CYL_OUTR_11_LEN_102_OVERSAMPLE_SKEL,9.88948565,0.229504622,3,9.899494937
F_CYL_OUTR_11_LEN_112_OVERSAMPLE_SKEL,9.89040891,0.218682967,3,9.899494937
F_CYL_OUTR_11_LEN_12_OVERSAMPLE_SKEL,9.782400998,0.77694937,3,9.899494937
F_CYL_OUTR_11_LEN_122_OVERSAMPLE_SKEL,9.891176231,0.209260614,3,9.899494937
F_CYL_OUTR_11_LEN_132_OVERSAMPLE_SKEL,9.891824043,0.200959861,3,9.899494937
F_CYL_OUTR_11_LEN_142_OVERSAMPLE_SKEL,9.892378249,0.193574505,3,9.899494937
F_CYL_OUTR_11_LEN_152_OVERSAMPLE_SKEL,9.89285777,0.18694779,3,9.899494937
F_CYL_OUTR_11_LEN_162_OVERSAMPLE_SKEL,9.89327675,0.180958137,3,9.899494937
F_CYL_OUTR_11_LEN_172_OVERSAMPLE_SKEL,9.893645974,0.175509607,3,9.899494937
F_CYL_OUTR_11_LEN_182_OVERSAMPLE_SKEL,9.893973808,0.17052534,3,9.899494937
F_CYL_OUTR_11_LEN_192_OVERSAMPLE_SKEL,9.894266842,0.16594294,3,9.899494937
F_CYL_OUTR_11_LEN_2_OVERSAMPLE_SKEL,1,0,1,1
F_CYL_OUTR_11_LEN_22_OVERSAMPLE_SKEL,9.84599625,0.528395861,3,9.899494937
F_CYL_OUTR_11_LEN_32_OVERSAMPLE_SKEL,9.864825614,0.426130455,3,9.899494937
F_CYL_OUTR_11_LEN_42_OVERSAMPLE_SKEL,9.873851175,0.36680447,3,9.899494937
F_CYL_OUTR_11_LEN_52_OVERSAMPLE_SKEL,9.879148119,0.326897137,3,9.899494937
F_CYL_OUTR_11_LEN_62_OVERSAMPLE_SKEL,9.882631426,0.297701379,3,9.899494937
F_CYL_OUTR_11_LEN_72_OVERSAMPLE_SKEL,9.885096405,0.275148892,3,9.899494937
F_CYL_OUTR_11_LEN_82_OVERSAMPLE_SKEL,9.886932663,0.257050598,3,9.899494937
F_CYL_OUTR_11_LEN_92_OVERSAMPLE_SKEL,9.888353536,0.242110176,3,9.899494937
F_CYL_OUTR_12_LEN_102_OVERSAMPLE_SKEL,11,0,11,11
F_CYL_OUTR_12_LEN_112_OVERSAMPLE_SKEL,11,0,11,11
F_CYL_OUTR_12_LEN_12_OVERSAMPLE_SKEL,11,0,11,11
F_CYL_OUTR_12_LEN_122_OVERSAMPLE_SKEL,11,0,11,11
F_CYL_OUTR_12_LEN_132_OVERSAMPLE_SKEL,11,0,11,11
F_CYL_OUTR_12_LEN_142_OVERSAMPLE_SKEL,11,0,11,11
F_CYL_OUTR_12_LEN_152_OVERSAMPLE_SKEL,11,0,11,11
F_CYL_OUTR_12_LEN_162_OVERSAMPLE_SKEL,11,0,11,11
F_CYL_OUTR_12_LEN_172_OVERSAMPLE_SKEL,11,0,11,11
F_CYL_OUTR_12_LEN_182_OVERSAMPLE_SKEL,11,0,11,11
F_CYL_OUTR_12_LEN_192_OVERSAMPLE_SKEL,11,0,11,11
F_CYL_OUTR_12_LEN_2_OVERSAMPLE_SKEL,1,0,1,1
F_CYL_OUTR_12_LEN_22_OVERSAMPLE_SKEL,11,0,11,11
F_CYL_OUTR_12_LEN_32_OVERSAMPLE_SKEL,11,0,11,11
F_CYL_OUTR_12_LEN_42_OVERSAMPLE_SKEL,11,0,11,11
F_CYL_OUTR_12_LEN_52_OVERSAMPLE_SKEL,11,0,11,11
F_CYL_OUTR_12_LEN_62_OVERSAMPLE_SKEL,11,0,11,11
F_CYL_OUTR_12_LEN_72_OVERSAMPLE_SKEL,11,0,11,11
F_CYL_OUTR_12_LEN_82_OVERSAMPLE_SKEL,11,0,11,11
F_CYL_OUTR_12_LEN_92_OVERSAMPLE_SKEL,11,0,11,11
F_CYL_OUTR_13_LEN_102_OVERSAMPLE_SKEL,12.07215584,0.27400327,1,12.08304597
F_CYL_OUTR_13_LEN_112_OVERSAMPLE_SKEL,12.07316555,0.261010941,1,12.08304597
F_CYL_OUTR_13_LEN_12_OVERSAMPLE_SKEL,10.80387452,0.82459458,1,11
F_CYL_OUTR_13_LEN_122_OVERSAMPLE_SKEL,12.07400391,0.249707209,1,12.08304597
F_CYL_OUTR_13_LEN_132_OVERSAMPLE_SKEL,12.07471113,0.239755376,1,12.08304597
F_CYL_OUTR_13_LEN_142_OVERSAMPLE_SKEL,12.07531574,0.230905813,1,12.08304597
F_CYL_OUTR_13_LEN_152_OVERSAMPLE_SKEL,12.07583857,0.222968994,1,12.08304597
F_CYL_OUTR_13_LEN_162_OVERSAMPLE_SKEL,12.07629516,0.215798088,1,12.08304597
F_CYL_OUTR_13_LEN_172_OVERSAMPLE_SKEL,12.07669734,0.209277337,1,12.08304597
F_CYL_OUTR_13_LEN_182_OVERSAMPLE_SKEL,12.0770543,0.203314085,1,12.08304597
F_CYL_OUTR_13_LEN_192_OVERSAMPLE_SKEL,12.07737325,0.197833166,1,12.08304597
F_CYL_OUTR_13_LEN_2_OVERSAMPLE_SKEL,1,0,1,1
F_CYL_OUTR_13_LEN_22_OVERSAMPLE_SKEL,12.0233595,0.639196957,1,12.08304597
F_CYL_OUTR_13_LEN_32_OVERSAMPLE_SKEL,12.04478782,0.512551407,1,12.08304597
F_CYL_OUTR_13_LEN_42_OVERSAMPLE_SKEL,12.05489458,0.439991947,1,12.08304597
F_CYL_OUTR_13_LEN_52_OVERSAMPLE_SKEL,12.06077735,0.391495875,1,12.08304597
F_CYL_OUTR_13_LEN_62_OVERSAMPLE_SKEL,12.06462646,0.356156629,1,12.08304597
F_CYL_OUTR_13_LEN_72_OVERSAMPLE_SKEL,12.06734104,0.328931593,1,12.08304597
F_CYL_OUTR_13_LEN_82_OVERSAMPLE_SKEL,12.06935826,0.30712589,1,12.08304597
F_CYL_OUTR_13_LEN_92_OVERSAMPLE_SKEL,12.07091627,0.289151345,1,12.08304597
F_CYL_OUTR_14_LEN_102_OVERSAMPLE_SKEL,12.72792206,1.78E-15,12.72792206,12.72792206
F_CYL_OUTR_14_LEN_112_OVERSAMPLE_SKEL,12.72792206,1.78E-15,12.72792206,12.72792206
F_CYL_OUTR_14_LEN_12_OVERSAMPLE_SKEL,10.99252628,0.090382568,9.899494937,11
F_CYL_OUTR_14_LEN_122_OVERSAMPLE_SKEL,12.72792206,1.78E-15,12.72792206,12.72792206
F_CYL_OUTR_14_LEN_132_OVERSAMPLE_SKEL,12.72792206,1.78E-15,12.72792206,12.72792206
F_CYL_OUTR_14_LEN_142_OVERSAMPLE_SKEL,12.72792206,1.78E-15,12.72792206,12.72792206
F_CYL_OUTR_14_LEN_152_OVERSAMPLE_SKEL,12.72792206,0,12.72792206,12.72792206
F_CYL_OUTR_14_LEN_162_OVERSAMPLE_SKEL,12.72792206,1.78E-15,12.72792206,12.72792206
F_CYL_OUTR_14_LEN_172_OVERSAMPLE_SKEL,12.72792206,0,12.72792206,12.72792206
F_CYL_OUTR_14_LEN_182_OVERSAMPLE_SKEL,12.72792206,1.78E-15,12.72792206,12.72792206
F_CYL_OUTR_14_LEN_192_OVERSAMPLE_SKEL,12.72792206,1.78E-15,12.72792206,12.72792206
F_CYL_OUTR_14_LEN_2_OVERSAMPLE_SKEL,1,0,1,1
F_CYL_OUTR_14_LEN_22_OVERSAMPLE_SKEL,12.72792206,3.55E-15,12.72792206,12.72792206
F_CYL_OUTR_14_LEN_32_OVERSAMPLE_SKEL,12.72792206,1.78E-15,12.72792206,12.72792206
F_CYL_OUTR_14_LEN_42_OVERSAMPLE_SKEL,12.72792206,0,12.72792206,12.72792206
F_CYL_OUTR_14_LEN_52_OVERSAMPLE_SKEL,12.72792206,1.78E-15,12.72792206,12.72792206
F_CYL_OUTR_14_LEN_62_OVERSAMPLE_SKEL,12.72792206,1.78E-15,12.72792206,12.72792206
F_CYL_OUTR_14_LEN_72_OVERSAMPLE_SKEL,12.72792206,1.78E-15,12.72792206,12.72792206
F_CYL_OUTR_14_LEN_82_OVERSAMPLE_SKEL,12.72792206,0,12.72792206,12.72792206
F_CYL_OUTR_14_LEN_92_OVERSAMPLE_SKEL,12.72792206,0,12.72792206,12.72792206
F_CYL_OUTR_15_LEN_102_OVERSAMPLE_SKEL,13.90953666,0.39863622,1,13.92838828
F_CYL_OUTR_15_LEN_112_OVERSAMPLE_SKEL,13.91129691,0.379608693,1,13.92838828
F_CYL_OUTR_15_LEN_12_OVERSAMPLE_SKEL,10.90498209,0.727813606,1,11
F_CYL_OUTR_15_LEN_122_OVERSAMPLE_SKEL,13.91275651,0.363069144,1,13.92838828
F_CYL_OUTR_15_LEN_132_OVERSAMPLE_SKEL,13.91398643,0.348518716,1,13.92838828
F_CYL_OUTR_15_LEN_142_OVERSAMPLE_SKEL,13.91503692,0.335588218,1,13.92838828
F_CYL_OUTR_15_LEN_152_OVERSAMPLE_SKEL,13.91594458,0.32399778,1,13.92838828
F_CYL_OUTR_15_LEN_162_OVERSAMPLE_SKEL,13.91673669,0.313530861,1,13.92838828
F_CYL_OUTR_15_LEN_172_OVERSAMPLE_SKEL,13.91743399,0.304016939,1,13.92838828
F_CYL_OUTR_15_LEN_182_OVERSAMPLE_SKEL,13.91805254,0.295319657,1,13.92838828
F_CYL_OUTR_15_LEN_192_OVERSAMPLE_SKEL,13.91860497,0.287328496,1,13.92838828
F_CYL_OUTR_15_LEN_2_OVERSAMPLE_SKEL,1,0,1,1
F_CYL_OUTR_15_LEN_22_OVERSAMPLE_SKEL,13.82132153,0.94502932,1,13.92838828
F_CYL_OUTR_15_LEN_32_OVERSAMPLE_SKEL,13.86083532,0.752430475,1,13.92838828
F_CYL_OUTR_15_LEN_42_OVERSAMPLE_SKEL,13.87904561,0.643764228,1,13.92838828
F_CYL_OUTR_15_LEN_52_OVERSAMPLE_SKEL,13.88952264,0.571701232,1,13.92838828
F_CYL_OUTR_15_LEN_62_OVERSAMPLE_SKEL,13.8963297,0.519438376,1,13.92838828
F_CYL_OUTR_15_LEN_72_OVERSAMPLE_SKEL,13.90110771,0.479304852,1,13.92838828
F_CYL_OUTR_15_LEN_82_OVERSAMPLE_SKEL,13.90464623,0.447234668,1,13.92838828
F_CYL_OUTR_15_LEN_92_OVERSAMPLE_SKEL,13.90737219,0.420845361,1,13.92838828
F_CYL_OUTR_16_LEN_102_OVERSAMPLE_SKEL,14.76190956,0.200238111,1,14.76482306
F_CYL_OUTR_16_LEN_112_OVERSAMPLE_SKEL,14.76217954,0.190737083,1,14.76482306
F_CYL_OUTR_16_LEN_12_OVERSAMPLE_SKEL,10.97579136,0.169833682,9.486832981,11
F_CYL_OUTR_16_LEN_122_OVERSAMPLE_SKEL,14.76240372,0.182471656,1,14.76482306
F_CYL_OUTR_16_LEN_132_OVERSAMPLE_SKEL,14.76259286,0.175195315,1,14.76482306
F_CYL_OUTR_16_LEN_142_OVERSAMPLE_SKEL,14.76275456,0.168725329,1,14.76482306
F_CYL_OUTR_16_LEN_152_OVERSAMPLE_SKEL,14.7628944,0.162922984,1,14.76482306
F_CYL_OUTR_16_LEN_162_OVERSAMPLE_SKEL,14.76301653,0.157680829,1,14.76482306
F_CYL_OUTR_16_LEN_172_OVERSAMPLE_SKEL,14.76312412,0.152914162,1,14.76482306
F_CYL_OUTR_16_LEN_182_OVERSAMPLE_SKEL,14.76321961,0.148555192,1,14.76482306
F_CYL_OUTR_16_LEN_192_OVERSAMPLE_SKEL,14.76330494,0.144548928,1,14.76482306
F_CYL_OUTR_16_LEN_2_OVERSAMPLE_SKEL,1,0,1,1
F_CYL_OUTR_16_LEN_22_OVERSAMPLE_SKEL,14.74890077,0.467882505,1,14.76482306
F_CYL_OUTR_16_LEN_32_OVERSAMPLE_SKEL,14.75460419,0.374908742,1,14.76482306
F_CYL_OUTR_16_LEN_42_OVERSAMPLE_SKEL,14.75729924,0.321725661,1,14.76482306
F_CYL_OUTR_16_LEN_52_OVERSAMPLE_SKEL,14.75886942,0.286208664,1,14.76482306
F_CYL_OUTR_16_LEN_62_OVERSAMPLE_SKEL,14.75989738,0.260339974,1,14.76482306
F_CYL_OUTR_16_LEN_72_OVERSAMPLE_SKEL,14.76062263,0.240417534,1,14.76482306
F_CYL_OUTR_16_LEN_82_OVERSAMPLE_SKEL,14.76116172,0.224464581,1,14.76482306
F_CYL_OUTR_16_LEN_92_OVERSAMPLE_SKEL,14.76157817,0.211316839,1,14.76482306
F_CYL_OUTR_17_LEN_102_OVERSAMPLE_SKEL,15.78306533,0.526460174,1,15.8113883
F_CYL_OUTR_17_LEN_112_OVERSAMPLE_SKEL,15.78571986,0.501250456,1,15.8113883
F_CYL_OUTR_17_LEN_12_OVERSAMPLE_SKEL,10.92375519,0.656602355,1,11
F_CYL_OUTR_17_LEN_122_OVERSAMPLE_SKEL,15.78791944,0.479346764,1,15.8113883
F_CYL_OUTR_17_LEN_132_OVERSAMPLE_SKEL,15.78977181,0.460084429,1,15.8113883
F_CYL_OUTR_17_LEN_142_OVERSAMPLE_SKEL,15.79135315,0.442971976,1,15.8113883
F_CYL_OUTR_17_LEN_152_OVERSAMPLE_SKEL,15.79271891,0.427637112,1,15.8113883
F_CYL_OUTR_17_LEN_162_OVERSAMPLE_SKEL,15.79391034,0.41379197,1,15.8113883
F_CYL_OUTR_17_LEN_172_OVERSAMPLE_SKEL,15.79495883,0.401209985,1,15.8113883
F_CYL_OUTR_17_LEN_182_OVERSAMPLE_SKEL,15.79588864,0.389710073,1,15.8113883
F_CYL_OUTR_17_LEN_192_OVERSAMPLE_SKEL,15.79671884,0.379145526,1,15.8113883
F_CYL_OUTR_17_LEN_2_OVERSAMPLE_SKEL,1,0,1,1
F_CYL_OUTR_17_LEN_22_OVERSAMPLE_SKEL,15.64736071,1.25812041,1,15.8113883
F_CYL_OUTR_17_LEN_32_OVERSAMPLE_SKEL,15.70880155,0.998131042,1,15.8113883
F_CYL_OUTR_17_LEN_42_OVERSAMPLE_SKEL,15.73675676,0.852564646,1,15.8113883
F_CYL_OUTR_17_LEN_52_OVERSAMPLE_SKEL,15.7527389,0.756404214,1,15.8113883
F_CYL_OUTR_17_LEN_62_OVERSAMPLE_SKEL,15.76308329,0.686828628,1,15.8113883
F_CYL_OUTR_17_LEN_72_OVERSAMPLE_SKEL,15.77032576,0.633484749,1,15.8113883
F_CYL_OUTR_17_LEN_82_OVERSAMPLE_SKEL,15.77567964,0.59090679,1,15.8113883
F_CYL_OUTR_17_LEN_92_OVERSAMPLE_SKEL,15.77979844,0.555901091,1,15.8113883
F_CYL_OUTR_18_LEN_102_OVERSAMPLE_SKEL,16.99536078,0.254808809,3,17
F_CYL_OUTR_18_LEN_112_OVERSAMPLE_SKEL,16.99579453,0.242608437,3,17
F_CYL_OUTR_18_LEN_12_OVERSAMPLE_SKEL,10.98999541,0.104451002,9.899494937,11
F_CYL_OUTR_18_LEN_122_OVERSAMPLE_SKEL,16.99615411,0.232007899,3,17
F_CYL_OUTR_18_LEN_132_OVERSAMPLE_SKEL,16.99645704,0.222685573,3,17
F_CYL_OUTR_18_LEN_142_OVERSAMPLE_SKEL,16.99671574,0.214403642,3,17
F_CYL_OUTR_18_LEN_152_OVERSAMPLE_SKEL,16.99693922,0.206981951,3,17
F_CYL_OUTR_18_LEN_162_OVERSAMPLE_SKEL,16.99713423,0.2002812,3,17
F_CYL_OUTR_18_LEN_172_OVERSAMPLE_SKEL,16.99730588,0.194191751,3,17
F_CYL_OUTR_18_LEN_182_OVERSAMPLE_SKEL,16.99745813,0.188625975,3,17
F_CYL_OUTR_18_LEN_192_OVERSAMPLE_SKEL,16.99759409,0.183512874,3,17
F_CYL_OUTR_18_LEN_2_OVERSAMPLE_SKEL,1,0,1,1
F_CYL_OUTR_18_LEN_22_OVERSAMPLE_SKEL,16.97347229,0.608838442,3,17
F_CYL_OUTR_18_LEN_32_OVERSAMPLE_SKEL,16.98331347,0.483045548,3,17
F_CYL_OUTR_18_LEN_42_OVERSAMPLE_SKEL,16.98782873,0.412613136,3,17
F_CYL_OUTR_18_LEN_52_OVERSAMPLE_SKEL,16.9904208,0.366083367,3,17
F_CYL_OUTR_18_LEN_62_OVERSAMPLE_SKEL,16.99210267,0.33241588,3,17
F_CYL_OUTR_18_LEN_72_OVERSAMPLE_SKEL,16.99328215,0.306601981,3,17
F_CYL_OUTR_18_LEN_82_OVERSAMPLE_SKEL,16.9941551,0.285997301,3,17
F_CYL_OUTR_18_LEN_92_OVERSAMPLE_SKEL,16.99482727,0.269056677,3,17
F_CYL_OUTR_19_LEN_102_OVERSAMPLE_SKEL,18.37184447,0.400790489,1,18.38477631
F_CYL_OUTR_19_LEN_112_OVERSAMPLE_SKEL,18.37306344,0.381452371,1,18.38477631
F_CYL_OUTR_19_LEN_12_OVERSAMPLE_SKEL,10.99326393,0.085835319,9.899494937,11
F_CYL_OUTR_19_LEN_122_OVERSAMPLE_SKEL,18.37407239,0.364667912,1,18.38477631
F_CYL_OUTR_19_LEN_132_OVERSAMPLE_SKEL,18.37492131,0.349920417,1,18.38477631
F_CYL_OUTR_19_LEN_142_OVERSAMPLE_SKEL,18.37564547,0.336828627,1,18.38477631
F_CYL_OUTR_19_LEN_152_OVERSAMPLE_SKEL,18.37627049,0.325104247,1,18.38477631
F_CYL_OUTR_19_LEN_162_OVERSAMPLE_SKEL,18.37681543,0.314524694,1,18.38477631
F_CYL_OUTR_19_LEN_172_OVERSAMPLE_SKEL,18.37729474,0.304915019,1,18.38477631
F_CYL_OUTR_19_LEN_182_OVERSAMPLE_SKEL,18.37771962,0.296135548,1,18.38477631
F_CYL_OUTR_19_LEN_192_OVERSAMPLE_SKEL,18.37809883,0.288073238,1,18.38477631
F_CYL_OUTR_19_LEN_2_OVERSAMPLE_SKEL,1,0,1,1
F_CYL_OUTR_19_LEN_22_OVERSAMPLE_SKEL,18.3075419,0.976934942,1,18.38477631
F_CYL_OUTR_19_LEN_32_OVERSAMPLE_SKEL,18.3371464,0.768103416,1,18.38477631
F_CYL_OUTR_19_LEN_42_OVERSAMPLE_SKEL,18.3503444,0.653418802,1,18.38477631
F_CYL_OUTR_19_LEN_52_OVERSAMPLE_SKEL,18.35781519,0.578376786,1,18.38477631
F_CYL_OUTR_19_LEN_62_OVERSAMPLE_SKEL,18.36262206,0.524390164,1,18.38477631
F_CYL_OUTR_19_LEN_72_OVERSAMPLE_SKEL,18.36597425,0.48315589,1,18.38477631
F_CYL_OUTR_19_LEN_82_OVERSAMPLE_SKEL,18.36844532,0.450333268,1,18.38477631
F_CYL_OUTR_19_LEN_92_OVERSAMPLE_SKEL,18.37034232,0.423403282,1,18.38477631
F_CYL_OUTR_2_LEN_102_OVERSAMPLE_SKEL,1,0,1,1
F_CYL_OUTR_2_LEN_112_OVERSAMPLE_SKEL,1,0,1,1
F_CYL_OUTR_2_LEN_12_OVERSAMPLE_SKEL,1,0,1,1
F_CYL_OUTR_2_LEN_122_OVERSAMPLE_SKEL,1,0,1,1
F_CYL_OUTR_2_LEN_132_OVERSAMPLE_SKEL,1,0,1,1
F_CYL_OUTR_2_LEN_142_OVERSAMPLE_SKEL,1,0,1,1
F_CYL_OUTR_2_LEN_152_OVERSAMPLE_SKEL,1,0,1,1
F_CYL_OUTR_2_LEN_162_OVERSAMPLE_SKEL,1,0,1,1
F_CYL_OUTR_2_LEN_172_OVERSAMPLE_SKEL,1,0,1,1
F_CYL_OUTR_2_LEN_182_OVERSAMPLE_SKEL,1,0,1,1
F_CYL_OUTR_2_LEN_192_OVERSAMPLE_SKEL,1,0,1,1
F_CYL_OUTR_2_LEN_2_OVERSAMPLE_SKEL,1,0,1,1
F_CYL_OUTR_2_LEN_22_OVERSAMPLE_SKEL,1,0,1,1
F_CYL_OUTR_2_LEN_32_OVERSAMPLE_SKEL,1,0,1,1
F_CYL_OUTR_2_LEN_42_OVERSAMPLE_SKEL,1,0,1,1
F_CYL_OUTR_2_LEN_52_OVERSAMPLE_SKEL,1,0,1,1
F_CYL_OUTR_2_LEN_62_OVERSAMPLE_SKEL,1,0,1,1
F_CYL_OUTR_2_LEN_72_OVERSAMPLE_SKEL,1,0,1,1
F_CYL_OUTR_2_LEN_82_OVERSAMPLE_SKEL,1,0,1,1
F_CYL_OUTR_2_LEN_92_OVERSAMPLE_SKEL,1,0,1,1
F_CYL_OUTR_20_LEN_102_OVERSAMPLE_SKEL,18.57224043,0.411669638,3,18.60107524
F_CYL_OUTR_20_LEN_112_OVERSAMPLE_SKEL,18.57292473,0.395895462,3,18.60107524
F_CYL_OUTR_20_LEN_12_OVERSAMPLE_SKEL,10.98850462,0.128697476,7.615773106,11
F_CYL_OUTR_20_LEN_122_OVERSAMPLE_SKEL,18.57349131,0.382341726,3,18.60107524
F_CYL_OUTR_20_LEN_132_OVERSAMPLE_SKEL,18.57396814,0.370550244,3,18.60107524
F_CYL_OUTR_20_LEN_142_OVERSAMPLE_SKEL,18.57437499,0.3601839,3,18.60107524
F_CYL_OUTR_20_LEN_152_OVERSAMPLE_SKEL,18.5747262,0.350988529,3,18.60107524
F_CYL_OUTR_20_LEN_162_OVERSAMPLE_SKEL,18.57503246,0.342768492,3,18.60107524
F_CYL_OUTR_20_LEN_172_OVERSAMPLE_SKEL,18.57530189,0.335370487,3,18.60107524
F_CYL_OUTR_20_LEN_182_OVERSAMPLE_SKEL,18.57554074,0.328672507,3,18.60107524
F_CYL_OUTR_20_LEN_192_OVERSAMPLE_SKEL,18.57575394,0.322576118,3,18.60107524
F_CYL_OUTR_20_LEN_2_OVERSAMPLE_SKEL,1,0,1,1
F_CYL_OUTR_20_LEN_22_OVERSAMPLE_SKEL,18.53647006,0.913269036,3,18.60107524
F_CYL_OUTR_20_LEN_32_OVERSAMPLE_SKEL,18.55285908,0.727929559,3,18.60107524
F_CYL_OUTR_20_LEN_42_OVERSAMPLE_SKEL,18.56020903,0.627130348,3,18.60107524
F_CYL_OUTR_20_LEN_52_OVERSAMPLE_SKEL,18.56438149,0.56187615,3,18.60107524
F_CYL_OUTR_20_LEN_62_OVERSAMPLE_SKEL,18.56707075,0.515440806,3,18.60107524
F_CYL_OUTR_20_LEN_72_OVERSAMPLE_SKEL,18.5689483,0.480358461,3,18.60107524
F_CYL_OUTR_20_LEN_82_OVERSAMPLE_SKEL,18.57033347,0.452732276,3,18.60107524
F_CYL_OUTR_20_LEN_92_OVERSAMPLE_SKEL,18.57139748,0.430305404,3,18.60107524
F_CYL_OUTR_21_LEN_102_OVERSAMPLE_SKEL,19.80878533,0.577673856,1,19.84943324
F_CYL_OUTR_21_LEN_112_OVERSAMPLE_SKEL,19.81103834,0.551658587,1,19.84943324
F_CYL_OUTR_21_LEN_12_OVERSAMPLE_SKEL,10.9916786,0.095333606,9.899494937,11
F_CYL_OUTR_21_LEN_122_OVERSAMPLE_SKEL,19.81289967,0.529194921,1,19.84943324
F_CYL_OUTR_21_LEN_132_OVERSAMPLE_SKEL,19.81446329,0.509554134,1,19.84943324
F_CYL_OUTR_21_LEN_142_OVERSAMPLE_SKEL,19.81579534,0.492200399,1,19.84943324
F_CYL_OUTR_21_LEN_152_OVERSAMPLE_SKEL,19.81694371,0.476729799,1,19.84943324
F_CYL_OUTR_21_LEN_162_OVERSAMPLE_SKEL,19.81794394,0.462831355,1,19.84943324
F_CYL_OUTR_21_LEN_172_OVERSAMPLE_SKEL,19.81882297,0.450261254,1,19.84943324
F_CYL_OUTR_21_LEN_182_OVERSAMPLE_SKEL,19.81960156,0.438825304,1,19.84943324
F_CYL_OUTR_21_LEN_192_OVERSAMPLE_SKEL,19.820296,0.428366678,1,19.84943324
F_CYL_OUTR_21_LEN_2_OVERSAMPLE_SKEL,1,0,1,1
F_CYL_OUTR_21_LEN_22_OVERSAMPLE_SKEL,19.68292944,1.39956484,1,19.84943324
F_CYL_OUTR_21_LEN_32_OVERSAMPLE_SKEL,19.74263452,1.091699719,1,19.84943324
F_CYL_OUTR_21_LEN_42_OVERSAMPLE_SKEL,19.76826473,0.927563713,1,19.84943324
F_CYL_OUTR_21_LEN_52_OVERSAMPLE_SKEL,19.78251474,0.821908787,1,19.84943324
F_CYL_OUTR_21_LEN_62_OVERSAMPLE_SKEL,19.79158702,0.746755432,1,19.84943324
F_CYL_OUTR_21_LEN_72_OVERSAMPLE_SKEL,19.79786969,0.689859798,1,19.84943324
F_CYL_OUTR_21_LEN_82_OVERSAMPLE_SKEL,19.80247795,0.644905544,1,19.84943324
F_CYL_OUTR_21_LEN_92_OVERSAMPLE_SKEL,19.80600248,0.608261736,1,19.84943324
F_CYL_OUTR_22_LEN_102_OVERSAMPLE_SKEL,20.99193864,0.382014563,1,21
F_CYL_OUTR_22_LEN_112_OVERSAMPLE_SKEL,20.99270073,0.363517004,1,21
F_CYL_OUTR_22_LEN_12_OVERSAMPLE_SKEL,10.99485745,0.075053003,9.899494937,11
F_CYL_OUTR_22_LEN_122_OVERSAMPLE_SKEL,20.99333117,0.347470012,1,21
F_CYL_OUTR_22_LEN_132_OVERSAMPLE_SKEL,20.99386137,0.333376275,1,21
F_CYL_OUTR_22_LEN_142_OVERSAMPLE_SKEL,20.99431347,0.320869196,1,21
F_CYL_OUTR_22_LEN_152_OVERSAMPLE_SKEL,20.99470355,0.309671794,1,21
F_CYL_OUTR_22_LEN_162_OVERSAMPLE_SKEL,20.99504354,0.299570378,1,21
F_CYL_OUTR_22_LEN_172_OVERSAMPLE_SKEL,20.99534252,0.290397082,1,21
F_CYL_OUTR_22_LEN_182_OVERSAMPLE_SKEL,20.99560748,0.282017965,1,21
F_CYL_OUTR_22_LEN_192_OVERSAMPLE_SKEL,20.99584392,0.274324674,1,21
F_CYL_OUTR_22_LEN_2_OVERSAMPLE_SKEL,1,0,1,1
F_CYL_OUTR_22_LEN_22_OVERSAMPLE_SKEL,20.95107034,0.940093858,1,21
F_CYL_OUTR_22_LEN_32_OVERSAMPLE_SKEL,20.97004992,0.735888767,1,21
F_CYL_OUTR_22_LEN_42_OVERSAMPLE_SKEL,20.9784205,0.624790395,1,21
F_CYL_OUTR_22_LEN_52_OVERSAMPLE_SKEL,20.98313422,0.552425106,1,21
F_CYL_OUTR_22_LEN_62_OVERSAMPLE_SKEL,20.98615784,0.500505054,1,21
F_CYL_OUTR_22_LEN_72_OVERSAMPLE_SKEL,20.98826215,0.460920613,1,21
F_CYL_OUTR_22_LEN_82_OVERSAMPLE_SKEL,20.98981108,0.42945179,1,21
F_CYL_OUTR_22_LEN_92_OVERSAMPLE_SKEL,20.99099887,0.403657475,1,21
F_CYL_OUTR_23_LEN_102_OVERSAMPLE_SKEL,21.91980414,0.694315354,1,21.9544984
F_CYL_OUTR_23_LEN_112_OVERSAMPLE_SKEL,21.92312768,0.660301292,1,21.9544984
F_CYL_OUTR_23_LEN_12_OVERSAMPLE_SKEL,10.99751922,0.077084054,8.602325267,11
F_CYL_OUTR_23_LEN_122_OVERSAMPLE_SKEL,21.92587012,0.630841605,1,21.9544984
F_CYL_OUTR_23_LEN_132_OVERSAMPLE_SKEL,21.92817162,0.605002966,1,21.9544984
F_CYL_OUTR_23_LEN_142_OVERSAMPLE_SKEL,21.93013061,0.582099594,1,21.9544984
F_CYL_OUTR_23_LEN_152_OVERSAMPLE_SKEL,21.93181826,0.561614766,1,21.9544984
F_CYL_OUTR_23_LEN_162_OVERSAMPLE_SKEL,21.93328728,0.543150752,1,21.9544984
F_CYL_OUTR_23_LEN_172_OVERSAMPLE_SKEL,21.93457757,0.526395752,1,21.9544984
F_CYL_OUTR_23_LEN_182_OVERSAMPLE_SKEL,21.93571989,0.511101415,1,21.9544984
F_CYL_OUTR_23_LEN_192_OVERSAMPLE_SKEL,21.93673831,0.497067143,1,21.9544984
F_CYL_OUTR_23_LEN_2_OVERSAMPLE_SKEL,1,0,1,1
F_CYL_OUTR_23_LEN_22_OVERSAMPLE_SKEL,20.75582379,1.619317997,1,21
F_CYL_OUTR_23_LEN_32_OVERSAMPLE_SKEL,21.82022877,1.360990498,1,21.9544984
F_CYL_OUTR_23_LEN_42_OVERSAMPLE_SKEL,21.8592725,1.147776798,1,21.9544984
F_CYL_OUTR_23_LEN_52_OVERSAMPLE_SKEL,21.88072482,1.011036359,1,21.9544984
F_CYL_OUTR_23_LEN_62_OVERSAMPLE_SKEL,21.89428875,0.913822569,1,21.9544984
F_CYL_OUTR_23_LEN_72_OVERSAMPLE_SKEL,21.90363959,0.840152782,1,21.9544984
F_CYL_OUTR_23_LEN_82_OVERSAMPLE_SKEL,21.91047641,0.781838299,1,21.9544984
F_CYL_OUTR_23_LEN_92_OVERSAMPLE_SKEL,21.91569293,0.73419282,1,21.9544984
F_CYL_OUTR_24_LEN_102_OVERSAMPLE_SKEL,22.65882201,0.470796984,1,22.6715681
F_CYL_OUTR_24_LEN_112_OVERSAMPLE_SKEL,22.6600351,0.447848789,1,22.6715681
F_CYL_OUTR_24_LEN_12_OVERSAMPLE_SKEL,10.99351372,0.084238408,9.899494937,11
F_CYL_OUTR_24_LEN_122_OVERSAMPLE_SKEL,22.66103735,0.427959229,1,22.6715681
F_CYL_OUTR_24_LEN_132_OVERSAMPLE_SKEL,22.66187934,0.410504131,1,22.6715681
F_CYL_OUTR_24_LEN_142_OVERSAMPLE_SKEL,22.66259664,0.395024228,1,22.6715681
F_CYL_OUTR_24_LEN_152_OVERSAMPLE_SKEL,22.66321506,0.381173063,1,22.6715681
F_CYL_OUTR_24_LEN_162_OVERSAMPLE_SKEL,22.66375372,0.368683693,1,22.6715681
F_CYL_OUTR_24_LEN_172_OVERSAMPLE_SKEL,22.66422712,0.357346667,1,22.6715681
F_CYL_OUTR_24_LEN_182_OVERSAMPLE_SKEL,22.66464643,0.346995027,1,22.6715681
F_CYL_OUTR_24_LEN_192_OVERSAMPLE_SKEL,22.66502043,0.337493828,1,22.6715681
F_CYL_OUTR_24_LEN_2_OVERSAMPLE_SKEL,1,0,1,1
F_CYL_OUTR_24_LEN_22_OVERSAMPLE_SKEL,20.93925784,0.996750101,1,21
F_CYL_OUTR_24_LEN_32_OVERSAMPLE_SKEL,22.62323394,0.915856472,1,22.6715681
F_CYL_OUTR_24_LEN_42_OVERSAMPLE_SKEL,22.63701577,0.77466048,1,22.6715681
F_CYL_OUTR_24_LEN_52_OVERSAMPLE_SKEL,22.64468198,0.683490719,1,22.6715681
F_CYL_OUTR_24_LEN_62_OVERSAMPLE_SKEL,22.64956407,0.618415958,1,22.6715681
F_CYL_OUTR_24_LEN_72_OVERSAMPLE_SKEL,22.65294561,0.56897166,1,22.6715681
F_CYL_OUTR_24_LEN_82_OVERSAMPLE_SKEL,22.65542626,0.529760084,1,22.6715681
F_CYL_OUTR_24_LEN_92_OVERSAMPLE_SKEL,22.65732372,0.497677767,1,22.6715681
F_CYL_OUTR_25_LEN_102_OVERSAMPLE_SKEL,23.64131391,0.914161115,1,23.70653918
F_CYL_OUTR_25_LEN_112_OVERSAMPLE_SKEL,23.64621131,0.870478481,1,23.70653918
F_CYL_OUTR_25_LEN_12_OVERSAMPLE_SKEL,10.99614027,0.065059612,9.899494937,11
F_CYL_OUTR_25_LEN_122_OVERSAMPLE_SKEL,23.65024709,0.832739138,1,23.70653918
F_CYL_OUTR_25_LEN_132_OVERSAMPLE_SKEL,23.65363024,0.799715882,1,23.70653918
F_CYL_OUTR_25_LEN_142_OVERSAMPLE_SKEL,23.65650723,0.770508908,1,23.70653918
F_CYL_OUTR_25_LEN_152_OVERSAMPLE_SKEL,23.65898374,0.744441482,1,23.70653918
F_CYL_OUTR_25_LEN_162_OVERSAMPLE_SKEL,23.66113796,0.720993553,1,23.70653918
F_CYL_OUTR_25_LEN_172_OVERSAMPLE_SKEL,23.66302895,0.699758022,1,23.70653918
F_CYL_OUTR_25_LEN_182_OVERSAMPLE_SKEL,23.66470218,0.68041105,1,23.70653918
F_CYL_OUTR_25_LEN_192_OVERSAMPLE_SKEL,23.66619322,0.662691385,1,23.70653918
F_CYL_OUTR_25_LEN_2_OVERSAMPLE_SKEL,1,0,1,1
F_CYL_OUTR_25_LEN_22_OVERSAMPLE_SKEL,20.81116046,1.636739257,1,21
F_CYL_OUTR_25_LEN_32_OVERSAMPLE_SKEL,23.49120709,1.789371888,1,23.70653918
F_CYL_OUTR_25_LEN_42_OVERSAMPLE_SKEL,23.55085439,1.50566135,1,23.70653918
F_CYL_OUTR_25_LEN_52_OVERSAMPLE_SKEL,23.58318963,1.325617079,1,23.70653918
F_CYL_OUTR_25_LEN_62_OVERSAMPLE_SKEL,23.60347709,1.198485389,1,23.70653918
F_CYL_OUTR_25_LEN_72_OVERSAMPLE_SKEL,23.61739269,1.102625764,1,23.70653918
F_CYL_OUTR_25_LEN_82_OVERSAMPLE_SKEL,23.6275309,1.027050889,1,23.70653918
F_CYL_OUTR_25_LEN_92_OVERSAMPLE_SKEL,23.63524598,0.965512551,1,23.70653918
F_CYL_OUTR_26_LEN_102_OVERSAMPLE_SKEL,24.6770182,0.657558951,1,24.69817807
F_CYL_OUTR_26_LEN_112_OVERSAMPLE_SKEL,24.67904572,0.625293583,1,24.69817807
F_CYL_OUTR_26_LEN_12_OVERSAMPLE_SKEL,10.99802335,0.068814629,8.602325267,11
F_CYL_OUTR_26_LEN_122_OVERSAMPLE_SKEL,24.68071866,0.597354817,1,24.69817807
F_CYL_OUTR_26_LEN_132_OVERSAMPLE_SKEL,24.68212256,0.572854802,1,24.69817807
F_CYL_OUTR_26_LEN_142_OVERSAMPLE_SKEL,24.68331749,0.551141462,1,24.69817807
F_CYL_OUTR_26_LEN_152_OVERSAMPLE_SKEL,24.68434687,0.531723662,1,24.69817807
F_CYL_OUTR_26_LEN_162_OVERSAMPLE_SKEL,24.68524289,0.51422349,1,24.69817807
F_CYL_OUTR_26_LEN_172_OVERSAMPLE_SKEL,24.68602987,0.498344765,1,24.69817807
F_CYL_OUTR_26_LEN_182_OVERSAMPLE_SKEL,24.68672659,0.483851635,1,24.69817807
F_CYL_OUTR_26_LEN_192_OVERSAMPLE_SKEL,24.68734772,0.470553639,1,24.69817807
F_CYL_OUTR_26_LEN_2_OVERSAMPLE_SKEL,1,0,1,1
F_CYL_OUTR_26_LEN_22_OVERSAMPLE_SKEL,20.93069531,0.978178115,1,21
F_CYL_OUTR_26_LEN_32_OVERSAMPLE_SKEL,24.61622306,1.292167935,1,24.69817807
F_CYL_OUTR_26_LEN_42_OVERSAMPLE_SKEL,24.6400724,1.08866561,1,24.69817807
F_CYL_OUTR_26_LEN_52_OVERSAMPLE_SKEL,24.65316999,0.958450933,1,24.69817807
F_CYL_OUTR_26_LEN_62_OVERSAMPLE_SKEL,24.66144907,0.865998755,1,24.69817807
F_CYL_OUTR_26_LEN_72_OVERSAMPLE_SKEL,24.66715555,0.795997877,1,24.69817807
F_CYL_OUTR_26_LEN_82_OVERSAMPLE_SKEL,24.67132729,0.740621363,1,24.69817807
F_CYL_OUTR_26_LEN_92_OVERSAMPLE_SKEL,24.67451003,0.695396863,1,24.69817807
F_CYL_OUTR_27_LEN_102_OVERSAMPLE_SKEL,25.74947825,0.982878974,1,25.8069758
F_CYL_OUTR_27_LEN_112_OVERSAMPLE_SKEL,25.75504464,0.934246135,1,25.8069758
F_CYL_OUTR_27_LEN_12_OVERSAMPLE_SKEL,10.98562206,0.134344818,9.486832981,11
F_CYL_OUTR_27_LEN_122_OVERSAMPLE_SKEL,25.75962839,0.892184425,1,25.8069758
F_CYL_OUTR_27_LEN_132_OVERSAMPLE_SKEL,25.76346859,0.855335969,1,25.8069758
F_CYL_OUTR_27_LEN_142_OVERSAMPLE_SKEL,25.76673259,0.822705816,1,25.8069758
F_CYL_OUTR_27_LEN_152_OVERSAMPLE_SKEL,25.76954103,0.793546051,1,25.8069758
F_CYL_OUTR_27_LEN_162_OVERSAMPLE_SKEL,25.77198305,0.767282145,1,25.8069758
F_CYL_OUTR_27_LEN_172_OVERSAMPLE_SKEL,25.77412598,0.743464479,1,25.8069758
F_CYL_OUTR_27_LEN_182_OVERSAMPLE_SKEL,25.77602159,0.721735464,1,25.8069758
F_CYL_OUTR_27_LEN_192_OVERSAMPLE_SKEL,25.77771036,0.701806656,1,25.8069758
F_CYL_OUTR_27_LEN_2_OVERSAMPLE_SKEL,1,0,1,1
F_CYL_OUTR_27_LEN_22_OVERSAMPLE_SKEL,20.86888023,1.248461874,1,21
F_CYL_OUTR_27_LEN_32_OVERSAMPLE_SKEL,25.57669522,1.956858395,1,25.8069758
F_CYL_OUTR_27_LEN_42_OVERSAMPLE_SKEL,25.64586076,1.64021244,1,25.8069758
F_CYL_OUTR_27_LEN_52_OVERSAMPLE_SKEL,25.68307483,1.439967923,1,25.8069758
F_CYL_OUTR_27_LEN_62_OVERSAMPLE_SKEL,25.70632336,1.298760517,1,25.8069758
F_CYL_OUTR_27_LEN_72_OVERSAMPLE_SKEL,25.7222257,1.192320462,1,25.8069758
F_CYL_OUTR_27_LEN_82_OVERSAMPLE_SKEL,25.73378871,1.108382718,1,25.8069758
F_CYL_OUTR_27_LEN_92_OVERSAMPLE_SKEL,25.7425753,1.039993862,1,25.8069758
F_CYL_OUTR_28_LEN_102_OVERSAMPLE_SKEL,26.85446113,0.568400472,1,26.87005769
F_CYL_OUTR_28_LEN_112_OVERSAMPLE_SKEL,26.85596469,0.540327993,1,26.87005769
F_CYL_OUTR_28_LEN_12_OVERSAMPLE_SKEL,10.99396777,0.081253384,9.899494937,11
F_CYL_OUTR_28_LEN_122_OVERSAMPLE_SKEL,26.85720385,0.516042245,1,26.87005769
F_CYL_OUTR_28_LEN_132_OVERSAMPLE_SKEL,26.8582427,0.49476192,1,26.87005769
F_CYL_OUTR_28_LEN_142_OVERSAMPLE_SKEL,26.85912619,0.475914243,1,26.87005769
F_CYL_OUTR_28_LEN_152_OVERSAMPLE_SKEL,26.85988675,0.459068467,1,26.87005769
F_CYL_OUTR_28_LEN_162_OVERSAMPLE_SKEL,26.86054835,0.44389358,1,26.87005769
F_CYL_OUTR_28_LEN_172_OVERSAMPLE_SKEL,26.86112915,0.430130456,1,26.87005769
F_CYL_OUTR_28_LEN_182_OVERSAMPLE_SKEL,26.86164308,0.417572947,1,26.87005769
F_CYL_OUTR_28_LEN_192_OVERSAMPLE_SKEL,26.86210106,0.406054731,1,26.87005769
F_CYL_OUTR_28_LEN_2_OVERSAMPLE_SKEL,1,0,1,1
F_CYL_OUTR_28_LEN_22_OVERSAMPLE_SKEL,20.97551744,0.606068263,1,21
F_CYL_OUTR_28_LEN_32_OVERSAMPLE_SKEL,26.80845496,1.128384827,1,26.87005769
F_CYL_OUTR_28_LEN_42_OVERSAMPLE_SKEL,26.82671806,0.946872798,1,26.87005769
F_CYL_OUTR_28_LEN_52_OVERSAMPLE_SKEL,26.83662863,0.831792721,1,26.87005769
F_CYL_OUTR_28_LEN_62_OVERSAMPLE_SKEL,26.84285022,0.750520142,1,26.87005769
F_CYL_OUTR_28_LEN_72_OVERSAMPLE_SKEL,26.84711935,0.68919804,1,26.87005769
F_CYL_OUTR_28_LEN_82_OVERSAMPLE_SKEL,26.85023045,0.640806375,1,26.87005769
F_CYL_OUTR_28_LEN_92_OVERSAMPLE_SKEL,26.85259843,0.601358522,1,26.87005769
F_CYL_OUTR_29_LEN_102_OVERSAMPLE_SKEL,27.82977669,1.08768303,1,27.89265136
F_CYL_OUTR_29_LEN_112_OVERSAMPLE_SKEL,27.83592691,1.033286143,1,27.89265136
F_CYL_OUTR_29_LEN_12_OVERSAMPLE_SKEL,10.99586923,0.067296852,9.899494937,11
F_CYL_OUTR_29_LEN_122_OVERSAMPLE_SKEL,27.84098115,0.986311063,1,27.89265136
F_CYL_OUTR_29_LEN_132_OVERSAMPLE_SKEL,27.84520839,0.945210375,1,27.89265136
F_CYL_OUTR_29_LEN_142_OVERSAMPLE_SKEL,27.84879626,0.908853674,1,27.89265136
F_CYL_OUTR_29_LEN_152_OVERSAMPLE_SKEL,27.85187962,0.87639338,1,27.89265136
F_CYL_OUTR_29_LEN_162_OVERSAMPLE_SKEL,27.85455789,0.847179812,1,27.89265136
F_CYL_OUTR_29_LEN_172_OVERSAMPLE_SKEL,27.85690598,0.820705488,1,27.89265136
F_CYL_OUTR_29_LEN_182_OVERSAMPLE_SKEL,27.8589814,0.796567456,1,27.89265136
F_CYL_OUTR_29_LEN_192_OVERSAMPLE_SKEL,27.86082905,0.774441148,1,27.89265136
F_CYL_OUTR_29_LEN_2_OVERSAMPLE_SKEL,1,0,1,1
F_CYL_OUTR_29_LEN_22_OVERSAMPLE_SKEL,20.90517377,1.16488225,1,21
F_CYL_OUTR_29_LEN_32_OVERSAMPLE_SKEL,27.63180485,2.203739308,1,27.89265136
F_CYL_OUTR_29_LEN_42_OVERSAMPLE_SKEL,27.71273371,1.8341989,1,27.89265136
F_CYL_OUTR_29_LEN_52_OVERSAMPLE_SKEL,27.75533635,1.604215584,1,27.89265136
F_CYL_OUTR_29_LEN_62_OVERSAMPLE_SKEL,27.781626,1.443508019,1,27.89265136
F_CYL_OUTR_29_LEN_72_OVERSAMPLE_SKEL,27.79946668,1.323081781,1,27.89265136
F_CYL_OUTR_29_LEN_82_OVERSAMPLE_SKEL,27.8123675,1.228506945,1,27.89265136
F_CYL_OUTR_29_LEN_92_OVERSAMPLE_SKEL,27.82213065,1.151687365,1,27.89265136
F_CYL_OUTR_3_LEN_102_OVERSAMPLE_SKEL,3,0,3,3
F_CYL_OUTR_3_LEN_112_OVERSAMPLE_SKEL,3,0,3,3
F_CYL_OUTR_3_LEN_12_OVERSAMPLE_SKEL,3,0,3,3
F_CYL_OUTR_3_LEN_122_OVERSAMPLE_SKEL,3,0,3,3
F_CYL_OUTR_3_LEN_132_OVERSAMPLE_SKEL,3,0,3,3
F_CYL_OUTR_3_LEN_142_OVERSAMPLE_SKEL,3,0,3,3
F_CYL_OUTR_3_LEN_152_OVERSAMPLE_SKEL,3,0,3,3
F_CYL_OUTR_3_LEN_162_OVERSAMPLE_SKEL,3,0,3,3
F_CYL_OUTR_3_LEN_172_OVERSAMPLE_SKEL,3,0,3,3
F_CYL_OUTR_3_LEN_182_OVERSAMPLE_SKEL,3,0,3,3
F_CYL_OUTR_3_LEN_192_OVERSAMPLE_SKEL,3,0,3,3
F_CYL_OUTR_3_LEN_2_OVERSAMPLE_SKEL,1,0,1,1
F_CYL_OUTR_3_LEN_22_OVERSAMPLE_SKEL,3,0,3,3
F_CYL_OUTR_3_LEN_32_OVERSAMPLE_SKEL,3,0,3,3
F_CYL_OUTR_3_LEN_42_OVERSAMPLE_SKEL,3,0,3,3
F_CYL_OUTR_3_LEN_52_OVERSAMPLE_SKEL,3,0,3,3
F_CYL_OUTR_3_LEN_62_OVERSAMPLE_SKEL,3,0,3,3
F_CYL_OUTR_3_LEN_72_OVERSAMPLE_SKEL,3,0,3,3
F_CYL_OUTR_3_LEN_82_OVERSAMPLE_SKEL,3,0,3,3
F_CYL_OUTR_3_LEN_92_OVERSAMPLE_SKEL,3,0,3,3
F_CYL_OUTR_30_LEN_102_OVERSAMPLE_SKEL,28.56559895,0.78989569,1,28.60069929
F_CYL_OUTR_30_LEN_112_OVERSAMPLE_SKEL,28.56809823,0.751588662,1,28.60069929
F_CYL_OUTR_30_LEN_12_OVERSAMPLE_SKEL,10.98761065,0.124361018,9.486832981,11
F_CYL_OUTR_30_LEN_122_OVERSAMPLE_SKEL,28.57015533,0.718521968,1,28.60069929
F_CYL_OUTR_30_LEN_132_OVERSAMPLE_SKEL,28.57187805,0.689606575,1,28.60069929
F_CYL_OUTR_30_LEN_142_OVERSAMPLE_SKEL,28.57334181,0.664045798,1,28.60069929
F_CYL_OUTR_30_LEN_152_OVERSAMPLE_SKEL,28.5746009,0.641241587,1,28.60069929
F_CYL_OUTR_30_LEN_162_OVERSAMPLE_SKEL,28.57569545,0.620735095,1,28.60069929
F_CYL_OUTR_30_LEN_172_OVERSAMPLE_SKEL,28.57665573,0.602167625,1,28.60069929
F_CYL_OUTR_30_LEN_182_OVERSAMPLE_SKEL,28.57750503,0.585254179,1,28.60069929
F_CYL_OUTR_30_LEN_192_OVERSAMPLE_SKEL,28.57826152,0.569765078,1,28.60069929
F_CYL_OUTR_30_LEN_2_OVERSAMPLE_SKEL,1,0,1,1
F_CYL_OUTR_30_LEN_22_OVERSAMPLE_SKEL,20.97432368,0.568622252,1,21
F_CYL_OUTR_30_LEN_32_OVERSAMPLE_SKEL,28.48736367,1.570368292,1,28.60069929
F_CYL_OUTR_30_LEN_42_OVERSAMPLE_SKEL,28.51883495,1.313966538,1,28.60069929
F_CYL_OUTR_30_LEN_52_OVERSAMPLE_SKEL,28.53568283,1.153162261,1,28.60069929
F_CYL_OUTR_30_LEN_62_OVERSAMPLE_SKEL,28.54617809,1.040365018,1,28.60069929
F_CYL_OUTR_30_LEN_72_OVERSAMPLE_SKEL,28.55334376,0.955669131,1,28.60069929
F_CYL_OUTR_30_LEN_82_OVERSAMPLE_SKEL,28.55854737,0.889085528,1,28.60069929
F_CYL_OUTR_30_LEN_92_OVERSAMPLE_SKEL,28.56249774,0.834978504,1,28.60069929
F_CYL_OUTR_31_LEN_102_OVERSAMPLE_SKEL,29.61944361,1.247628036,1,29.69848481
F_CYL_OUTR_31_LEN_112_OVERSAMPLE_SKEL,29.62721493,1.184941944,1,29.69848481
F_CYL_OUTR_31_LEN_12_OVERSAMPLE_SKEL,10.99515062,0.072892012,9.899494937,11
F_CYL_OUTR_31_LEN_122_OVERSAMPLE_SKEL,29.63359489,1.130844739,1,29.69848481
F_CYL_OUTR_31_LEN_132_OVERSAMPLE_SKEL,29.63892645,1.083538748,1,29.69848481
F_CYL_OUTR_31_LEN_142_OVERSAMPLE_SKEL,29.64344842,1.041712478,1,29.69848481
F_CYL_OUTR_31_LEN_152_OVERSAMPLE_SKEL,29.64733218,1.004383657,1,29.69848481
F_CYL_OUTR_31_LEN_162_OVERSAMPLE_SKEL,29.65070394,0.97080007,1,29.69848481
F_CYL_OUTR_31_LEN_172_OVERSAMPLE_SKEL,29.65365869,0.940374616,1,29.69848481
F_CYL_OUTR_31_LEN_182_OVERSAMPLE_SKEL,29.65626928,0.912641458,1,29.69848481
F_CYL_OUTR_31_LEN_192_OVERSAMPLE_SKEL,29.65859253,0.887225607,1,29.69848481
F_CYL_OUTR_31_LEN_2_OVERSAMPLE_SKEL,1,0,1,1
F_CYL_OUTR_31_LEN_22_OVERSAMPLE_SKEL,20.91484732,1.090285074,1,21
F_CYL_OUTR_31_LEN_32_OVERSAMPLE_SKEL,29.36457708,2.547668891,1,29.69848481
F_CYL_OUTR_31_LEN_42_OVERSAMPLE_SKEL,29.46988103,2.113706247,1,29.69848481
F_CYL_OUTR_31_LEN_52_OVERSAMPLE_SKEL,29.52469032,1.845563755,1,29.69848481
F_CYL_OUTR_31_LEN_62_OVERSAMPLE_SKEL,29.55830046,1.658948451,1,29.69848481
F_CYL_OUTR_31_LEN_72_OVERSAMPLE_SKEL,29.58101749,1.519472321,1,29.69848481
F_CYL_OUTR_31_LEN_82_OVERSAMPLE_SKEL,29.59739861,1.410136298,1,29.69848481
F_CYL_OUTR_31_LEN_92_OVERSAMPLE_SKEL,29.60977011,1.321446184,1,29.69848481
F_CYL_OUTR_32_LEN_102_OVERSAMPLE_SKEL,30.85826864,0.852220999,1,30.88689042
F_CYL_OUTR_32_LEN_112_OVERSAMPLE_SKEL,30.86105739,0.809683811,1,30.88689042
F_CYL_OUTR_32_LEN_12_OVERSAMPLE_SKEL,10.9965743,0.061304659,9.899494937,11
F_CYL_OUTR_32_LEN_122_OVERSAMPLE_SKEL,30.86335095,0.772939983,1,30.88689042
F_CYL_OUTR_32_LEN_132_OVERSAMPLE_SKEL,30.86527045,0.740783587,1,30.88689042
F_CYL_OUTR_32_LEN_142_OVERSAMPLE_SKEL,30.86690051,0.712333192,1,30.88689042
F_CYL_OUTR_32_LEN_152_OVERSAMPLE_SKEL,30.868302,0.686927595,1,30.88689042
F_CYL_OUTR_32_LEN_162_OVERSAMPLE_SKEL,30.86951986,0.664059773,1,30.88689042
F_CYL_OUTR_32_LEN_172_OVERSAMPLE_SKEL,30.87058794,0.643333542,1,30.88689042
F_CYL_OUTR_32_LEN_182_OVERSAMPLE_SKEL,30.87153228,0.624434232,1,30.88689042
F_CYL_OUTR_32_LEN_192_OVERSAMPLE_SKEL,30.87237321,0.607108314,1,30.88689042
F_CYL_OUTR_32_LEN_2_OVERSAMPLE_SKEL,1,0,1,1
F_CYL_OUTR_32_LEN_22_OVERSAMPLE_SKEL,20.98152643,0.531983631,1,21
F_CYL_OUTR_32_LEN_32_OVERSAMPLE_SKEL,30.76974652,1.721095221,1,30.88689042
F_CYL_OUTR_32_LEN_42_OVERSAMPLE_SKEL,30.80564385,1.434351602,1,30.88689042
F_CYL_OUTR_32_LEN_52_OVERSAMPLE_SKEL,30.82470104,1.255378239,1,30.88689042
F_CYL_OUTR_32_LEN_62_OVERSAMPLE_SKEL,30.83651669,1.13010746,1,30.88689042
F_CYL_OUTR_32_LEN_72_OVERSAMPLE_SKEL,30.84455937,1.036134408,1,30.88689042
F_CYL_OUTR_32_LEN_82_OVERSAMPLE_SKEL,30.85038744,0.962278152,1,30.88689042
F_CYL_OUTR_32_LEN_92_OVERSAMPLE_SKEL,30.85480492,0.902253721,1,30.88689042
F_CYL_OUTR_33_LEN_102_OVERSAMPLE_SKEL,31.67853966,1.401929338,1,31.78049716
F_CYL_OUTR_33_LEN_112_OVERSAMPLE_SKEL,31.68694584,1.333290181,1,31.78049716
F_CYL_OUTR_33_LEN_12_OVERSAMPLE_SKEL,10.99789779,0.048052779,9.899494937,11
F_CYL_OUTR_33_LEN_122_OVERSAMPLE_SKEL,31.69383873,1.274210313,1,31.78049716
F_CYL_OUTR_33_LEN_132_OVERSAMPLE_SKEL,31.69959322,1.222673604,1,31.78049716
F_CYL_OUTR_33_LEN_142_OVERSAMPLE_SKEL,31.70446981,1.177212405,1,31.78049716
F_CYL_OUTR_33_LEN_152_OVERSAMPLE_SKEL,31.70865517,1.136729573,1,31.78049716
F_CYL_OUTR_33_LEN_162_OVERSAMPLE_SKEL,31.71228654,1.100386322,1,31.78049716
F_CYL_OUTR_33_LEN_172_OVERSAMPLE_SKEL,31.71546708,1.067528961,1,31.78049716
F_CYL_OUTR_33_LEN_182_OVERSAMPLE_SKEL,31.71827583,1.037639509,1,31.78049716
F_CYL_OUTR_33_LEN_192_OVERSAMPLE_SKEL,31.7207744,1.010301513,1,31.78049716
F_CYL_OUTR_33_LEN_2_OVERSAMPLE_SKEL,1,0,1,1
F_CYL_OUTR_33_LEN_22_OVERSAMPLE_SKEL,20.97010074,0.721975097,1,21
F_CYL_OUTR_33_LEN_32_OVERSAMPLE_SKEL,30.63703796,2.65607272,1,31
F_CYL_OUTR_33_LEN_42_OVERSAMPLE_SKEL,31.51457036,2.366267352,1,31.78049716
F_CYL_OUTR_33_LEN_52_OVERSAMPLE_SKEL,31.57514639,2.064709426,1,31.78049716
F_CYL_OUTR_33_LEN_62_OVERSAMPLE_SKEL,31.61201257,1.856403105,1,31.78049716
F_CYL_OUTR_33_LEN_72_OVERSAMPLE_SKEL,31.63681081,1.701553148,1,31.78049716
F_CYL_OUTR_33_LEN_82_OVERSAMPLE_SKEL,31.65463324,1.580682683,1,31.78049716
F_CYL_OUTR_33_LEN_92_OVERSAMPLE_SKEL,31.66806037,1.482987382,1,31.78049716
F_CYL_OUTR_34_LEN_102_OVERSAMPLE_SKEL,32.60433037,1.080082592,1,32.64965543
F_CYL_OUTR_34_LEN_112_OVERSAMPLE_SKEL,32.60878338,1.02574302,1,32.64965543
F_CYL_OUTR_34_LEN_12_OVERSAMPLE_SKEL,10.99588758,0.076006827,7.615773106,11
F_CYL_OUTR_34_LEN_122_OVERSAMPLE_SKEL,32.61243968,0.978857775,1,32.64965543
F_CYL_OUTR_34_LEN_132_OVERSAMPLE_SKEL,32.61549553,0.937864898,1,32.64965543
F_CYL_OUTR_34_LEN_142_OVERSAMPLE_SKEL,32.61808762,0.901625304,1,32.64965543
F_CYL_OUTR_34_LEN_152_OVERSAMPLE_SKEL,32.62031407,0.869286125,1,32.64965543
F_CYL_OUTR_34_LEN_162_OVERSAMPLE_SKEL,32.62224715,0.840194422,1,32.64965543
F_CYL_OUTR_34_LEN_172_OVERSAMPLE_SKEL,32.62394127,0.813840699,1,32.64965543
F_CYL_OUTR_34_LEN_182_OVERSAMPLE_SKEL,32.62543814,0.789820778,1,32.64965543
F_CYL_OUTR_34_LEN_192_OVERSAMPLE_SKEL,32.62677034,0.767809363,1,32.64965543
F_CYL_OUTR_34_LEN_2_OVERSAMPLE_SKEL,1,0,1,1
F_CYL_OUTR_34_LEN_22_OVERSAMPLE_SKEL,20.98240862,0.501571791,1,21
F_CYL_OUTR_34_LEN_32_OVERSAMPLE_SKEL,30.84296751,1.891449022,1,31
F_CYL_OUTR_34_LEN_42_OVERSAMPLE_SKEL,32.51877187,1.83234515,1,32.64965543
F_CYL_OUTR_34_LEN_52_OVERSAMPLE_SKEL,32.55009474,1.599092847,1,32.64965543
F_CYL_OUTR_34_LEN_62_OVERSAMPLE_SKEL,32.5693204,1.436960038,1,32.64965543
F_CYL_OUTR_34_LEN_72_OVERSAMPLE_SKEL,32.58232269,1.315876666,1,32.64965543
F_CYL_OUTR_34_LEN_82_OVERSAMPLE_SKEL,32.59170243,1.22100994,1,32.64965543
F_CYL_OUTR_34_LEN_92_OVERSAMPLE_SKEL,32.59878842,1.144087241,1,32.64965543
F_CYL_OUTR_35_LEN_102_OVERSAMPLE_SKEL,33.8945925,1.32562849,1,33.9705755
F_CYL_OUTR_35_LEN_112_OVERSAMPLE_SKEL,33.90215038,1.258178686,1,33.9705755
F_CYL_OUTR_35_LEN_12_OVERSAMPLE_SKEL,10.99541456,0.070889148,9.899494937,11
F_CYL_OUTR_35_LEN_122_OVERSAMPLE_SKEL,33.90834076,1.200076958,1,33.9705755
F_CYL_OUTR_35_LEN_132_OVERSAMPLE_SKEL,33.91350398,1.149346073,1,33.9705755
F_CYL_OUTR_35_LEN_142_OVERSAMPLE_SKEL,33.91787611,1.104548753,1,33.9705755
F_CYL_OUTR_35_LEN_152_OVERSAMPLE_SKEL,33.92162603,1.064611772,1,33.9705755
F_CYL_OUTR_35_LEN_162_OVERSAMPLE_SKEL,33.92487774,1.028715381,1,33.9705755
F_CYL_OUTR_35_LEN_172_OVERSAMPLE_SKEL,33.92772434,0.996221191,1,33.9705755
F_CYL_OUTR_35_LEN_182_OVERSAMPLE_SKEL,33.93023709,0.966623644,1,33.9705755
F_CYL_OUTR_35_LEN_192_OVERSAMPLE_SKEL,33.93247147,0.939516469,1,33.9705755
F_CYL_OUTR_35_LEN_2_OVERSAMPLE_SKEL,1,0,1,1
F_CYL_OUTR_35_LEN_22_OVERSAMPLE_SKEL,20.9781186,0.570893844,1,21
F_CYL_OUTR_35_LEN_32_OVERSAMPLE_SKEL,30.78485304,2.125808598,1,31
F_CYL_OUTR_35_LEN_42_OVERSAMPLE_SKEL,33.74528767,2.275234007,1,33.9705755
F_CYL_OUTR_35_LEN_52_OVERSAMPLE_SKEL,33.80086665,1.977124605,1,33.9705755
F_CYL_OUTR_35_LEN_62_OVERSAMPLE_SKEL,33.83444928,1.772021789,1,33.9705755
F_CYL_OUTR_35_LEN_72_OVERSAMPLE_SKEL,33.85693658,1.61984441,1,33.9705755
F_CYL_OUTR_35_LEN_82_OVERSAMPLE_SKEL,33.87304764,1.501155072,1,33.9705755
F_CYL_OUTR_35_LEN_92_OVERSAMPLE_SKEL,33.88515768,1.405235887,1,33.9705755
F_CYL_OUTR_36_LEN_102_OVERSAMPLE_SKEL,34.61966995,1.168593882,1,34.66987165
F_CYL_OUTR_36_LEN_112_OVERSAMPLE_SKEL,34.62463592,1.109391412,1,34.66987165
F_CYL_OUTR_36_LEN_12_OVERSAMPLE_SKEL,10.99689811,0.058343982,9.899494937,11
F_CYL_OUTR_36_LEN_122_OVERSAMPLE_SKEL,34.62870787,1.058361802,1,34.66987165
F_CYL_OUTR_36_LEN_132_OVERSAMPLE_SKEL,34.63210727,1.013782598,1,34.66987165
F_CYL_OUTR_36_LEN_142_OVERSAMPLE_SKEL,34.63498804,0.974400164,1,34.66987165
F_CYL_OUTR_36_LEN_152_OVERSAMPLE_SKEL,34.63746045,0.939277431,1,34.66987165
F_CYL_OUTR_36_LEN_162_OVERSAMPLE_SKEL,34.63960559,0.907698014,1,34.66987165
F_CYL_OUTR_36_LEN_172_OVERSAMPLE_SKEL,34.64148441,0.879103593,1,34.66987165
F_CYL_OUTR_36_LEN_182_OVERSAMPLE_SKEL,34.64314359,0.853051727,1,34.66987165
F_CYL_OUTR_36_LEN_192_OVERSAMPLE_SKEL,34.64461954,0.829186659,1,34.66987165
F_CYL_OUTR_36_LEN_2_OVERSAMPLE_SKEL,1,0,1,1
F_CYL_OUTR_36_LEN_22_OVERSAMPLE_SKEL,20.98525411,0.400713953,1,21
F_CYL_OUTR_36_LEN_32_OVERSAMPLE_SKEL,30.89280823,1.593748388,1,31
F_CYL_OUTR_36_LEN_42_OVERSAMPLE_SKEL,34.52279061,1.996677881,1,34.66987165
F_CYL_OUTR_36_LEN_52_OVERSAMPLE_SKEL,34.55858435,1.737956981,1,34.66987165
F_CYL_OUTR_36_LEN_62_OVERSAMPLE_SKEL,34.58036641,1.559246072,1,34.66987165
F_CYL_OUTR_36_LEN_72_OVERSAMPLE_SKEL,34.59501747,1.426315248,1,34.66987165
F_CYL_OUTR_36_LEN_82_OVERSAMPLE_SKEL,34.60554678,1.322455536,1,34.66987165
F_CYL_OUTR_36_LEN_92_OVERSAMPLE_SKEL,34.61347918,1.238413024,1,34.66987165
F_CYL_OUTR_37_LEN_102_OVERSAMPLE_SKEL,35.70383448,1.563723186,1,35.80502758
F_CYL_OUTR_37_LEN_112_OVERSAMPLE_SKEL,35.71338626,1.483825576,1,35.80502758
F_CYL_OUTR_37_LEN_12_OVERSAMPLE_SKEL,10.99746564,0.062784372,8.602325267,11
F_CYL_OUTR_37_LEN_122_OVERSAMPLE_SKEL,35.72119658,1.415098577,1,35.80502758
F_CYL_OUTR_37_LEN_132_OVERSAMPLE_SKEL,35.72770189,1.355162718,1,35.80502758
F_CYL_OUTR_37_LEN_142_OVERSAMPLE_SKEL,35.73320405,1.302292483,1,35.80502758
F_CYL_OUTR_37_LEN_152_OVERSAMPLE_SKEL,35.73791849,1.255202023,1,35.80502758
F_CYL_OUTR_37_LEN_162_OVERSAMPLE_SKEL,35.74200307,1.212910874,1,35.80502758
F_CYL_OUTR_37_LEN_172_OVERSAMPLE_SKEL,35.74557612,1.174656624,1,35.80502758
F_CYL_OUTR_37_LEN_182_OVERSAMPLE_SKEL,35.74872805,1.139836282,1,35.80502758
F_CYL_OUTR_37_LEN_192_OVERSAMPLE_SKEL,35.75152919,1.107965834,1,35.80502758
F_CYL_OUTR_37_LEN_2_OVERSAMPLE_SKEL,1,0,1,1
F_CYL_OUTR_37_LEN_22_OVERSAMPLE_SKEL,20.97306963,0.548263957,1,21
F_CYL_OUTR_37_LEN_32_OVERSAMPLE_SKEL,30.8004086,2.077233015,1,31
F_CYL_OUTR_37_LEN_42_OVERSAMPLE_SKEL,35.5114392,2.703862772,1,35.80502758
F_CYL_OUTR_37_LEN_52_OVERSAMPLE_SKEL,35.58389231,2.342485287,1,35.80502758
F_CYL_OUTR_37_LEN_62_OVERSAMPLE_SKEL,35.62718809,2.095823462,1,35.80502758
F_CYL_OUTR_37_LEN_72_OVERSAMPLE_SKEL,35.65597895,1.913741219,1,35.80502758
F_CYL_OUTR_37_LEN_82_OVERSAMPLE_SKEL,35.67650821,1.772235225,1,35.80502758
F_CYL_OUTR_37_LEN_92_OVERSAMPLE_SKEL,35.69188571,1.658182365,1,35.80502758
F_CYL_OUTR_38_LEN_102_OVERSAMPLE_SKEL,36.74651694,1.198985478,1,36.79673899
F_CYL_OUTR_38_LEN_112_OVERSAMPLE_SKEL,36.75151124,1.137907755,1,36.79673899
F_CYL_OUTR_38_LEN_12_OVERSAMPLE_SKEL,10.99606259,0.065708694,9.899494937,11
F_CYL_OUTR_38_LEN_122_OVERSAMPLE_SKEL,36.75560208,1.085304078,1,36.79673899
F_CYL_OUTR_38_LEN_132_OVERSAMPLE_SKEL,36.75901427,1.039380307,1,36.79673899
F_CYL_OUTR_38_LEN_142_OVERSAMPLE_SKEL,36.76190376,0.998832706,1,36.79673899
F_CYL_OUTR_38_LEN_152_OVERSAMPLE_SKEL,36.7643821,0.962688048,1,36.79673899
F_CYL_OUTR_38_LEN_162_OVERSAMPLE_SKEL,36.76653122,0.930203147,1,36.79673899
F_CYL_OUTR_38_LEN_172_OVERSAMPLE_SKEL,36.76841264,0.900799358,1,36.79673899
F_CYL_OUTR_38_LEN_182_OVERSAMPLE_SKEL,36.77007343,0.87401852,1,36.79673899
F_CYL_OUTR_38_LEN_192_OVERSAMPLE_SKEL,36.77155027,0.849492509,1,36.79673899
F_CYL_OUTR_38_LEN_2_OVERSAMPLE_SKEL,1,0,1,1
F_CYL_OUTR_38_LEN_22_OVERSAMPLE_SKEL,20.99335102,0.222744798,1,21
F_CYL_OUTR_38_LEN_32_OVERSAMPLE_SKEL,30.9280605,1.349372383,1,31
F_CYL_OUTR_38_LEN_42_OVERSAMPLE_SKEL,36.64790906,2.06045207,1,36.79673899
F_CYL_OUTR_38_LEN_52_OVERSAMPLE_SKEL,36.68460406,1.789645408,1,36.79673899
F_CYL_OUTR_38_LEN_62_OVERSAMPLE_SKEL,36.70678324,1.603539062,1,36.79673899
F_CYL_OUTR_38_LEN_72_OVERSAMPLE_SKEL,36.72163756,1.465554564,1,36.79673899
F_CYL_OUTR_38_LEN_82_OVERSAMPLE_SKEL,36.73228139,1.357987426,1,36.79673899
F_CYL_OUTR_38_LEN_92_OVERSAMPLE_SKEL,36.74028272,1.271087674,1,36.79673899
F_CYL_OUTR_39_LEN_102_OVERSAMPLE_SKEL,37.9738359,1.695940008,1,38.07886553
F_CYL_OUTR_39_LEN_112_OVERSAMPLE_SKEL,37.98439407,1.608750085,1,38.07886553
F_CYL_OUTR_39_LEN_12_OVERSAMPLE_SKEL,10.99705452,0.05685807,9.899494937,11
F_CYL_OUTR_39_LEN_122_OVERSAMPLE_SKEL,37.99302341,1.533758166,1,38.07886553
F_CYL_OUTR_39_LEN_132_OVERSAMPLE_SKEL,38.00020823,1.46836194,1,38.07886553
F_CYL_OUTR_39_LEN_142_OVERSAMPLE_SKEL,38.00628322,1.410675403,1,38.07886553
F_CYL_OUTR_39_LEN_152_OVERSAMPLE_SKEL,38.01148711,1.35929379,1,38.07886553
F_CYL_OUTR_39_LEN_162_OVERSAMPLE_SKEL,38.01599472,1.313146399,1,38.07886553
F_CYL_OUTR_39_LEN_172_OVERSAMPLE_SKEL,38.01993703,1.271400929,1,38.07886553
F_CYL_OUTR_39_LEN_182_OVERSAMPLE_SKEL,38.02341411,1.233399309,1,38.07886553
F_CYL_OUTR_39_LEN_192_OVERSAMPLE_SKEL,38.02650372,1.198613444,1,38.07886553
F_CYL_OUTR_39_LEN_2_OVERSAMPLE_SKEL,1,0,1,1
F_CYL_OUTR_39_LEN_22_OVERSAMPLE_SKEL,20.98355986,0.507301566,1,21
F_CYL_OUTR_39_LEN_32_OVERSAMPLE_SKEL,30.82994648,1.986777195,1,31
F_CYL_OUTR_39_LEN_42_OVERSAMPLE_SKEL,37.76005039,2.943216332,1,38.07886553
F_CYL_OUTR_39_LEN_52_OVERSAMPLE_SKEL,37.84080989,2.547043773,1,38.07886553
F_CYL_OUTR_39_LEN_62_OVERSAMPLE_SKEL,37.8889242,2.277141196,1,38.07886553
F_CYL_OUTR_39_LEN_72_OVERSAMPLE_SKEL,37.9208594,2.07812208,1,38.07886553
F_CYL_OUTR_39_LEN_82_OVERSAMPLE_SKEL,37.94360159,1.923559912,1,38.07886553
F_CYL_OUTR_39_LEN_92_OVERSAMPLE_SKEL,37.96062082,1.799039151,1,38.07886553
F_CYL_OUTR_4_LEN_102_OVERSAMPLE_SKEL,3,0,3,3
F_CYL_OUTR_4_LEN_112_OVERSAMPLE_SKEL,3,0,3,3
F_CYL_OUTR_4_LEN_12_OVERSAMPLE_SKEL,3,0,3,3
F_CYL_OUTR_4_LEN_122_OVERSAMPLE_SKEL,3,0,3,3
F_CYL_OUTR_4_LEN_132_OVERSAMPLE_SKEL,3,0,3,3
F_CYL_OUTR_4_LEN_142_OVERSAMPLE_SKEL,3,0,3,3
F_CYL_OUTR_4_LEN_152_OVERSAMPLE_SKEL,3,0,3,3
F_CYL_OUTR_4_LEN_162_OVERSAMPLE_SKEL,3,0,3,3
F_CYL_OUTR_4_LEN_172_OVERSAMPLE_SKEL,3,0,3,3
F_CYL_OUTR_4_LEN_182_OVERSAMPLE_SKEL,3,0,3,3
F_CYL_OUTR_4_LEN_192_OVERSAMPLE_SKEL,3,0,3,3
F_CYL_OUTR_4_LEN_2_OVERSAMPLE_SKEL,1,0,1,1
F_CYL_OUTR_4_LEN_22_OVERSAMPLE_SKEL,3,0,3,3
F_CYL_OUTR_4_LEN_32_OVERSAMPLE_SKEL,3,0,3,3
F_CYL_OUTR_4_LEN_42_OVERSAMPLE_SKEL,3,0,3,3
F_CYL_OUTR_4_LEN_52_OVERSAMPLE_SKEL,3,0,3,3
F_CYL_OUTR_4_LEN_62_OVERSAMPLE_SKEL,3,0,3,3
F_CYL_OUTR_4_LEN_72_OVERSAMPLE_SKEL,3,0,3,3
F_CYL_OUTR_4_LEN_82_OVERSAMPLE_SKEL,3,0,3,3
F_CYL_OUTR_4_LEN_92_OVERSAMPLE_SKEL,3,0,3,3
F_CYL_OUTR_40_LEN_102_OVERSAMPLE_SKEL,38.53081186,1.412658049,1,38.60051813
F_CYL_OUTR_40_LEN_112_OVERSAMPLE_SKEL,38.53728784,1.340331859,1,38.60051813
F_CYL_OUTR_40_LEN_12_OVERSAMPLE_SKEL,10.99780655,0.058415572,8.602325267,11
F_CYL_OUTR_40_LEN_122_OVERSAMPLE_SKEL,38.5425823,1.278139925,1,38.60051813
F_CYL_OUTR_40_LEN_132_OVERSAMPLE_SKEL,38.54699154,1.223919311,1,38.60051813
F_CYL_OUTR_40_LEN_142_OVERSAMPLE_SKEL,38.55072045,1.176102599,1,38.60051813
F_CYL_OUTR_40_LEN_152_OVERSAMPLE_SKEL,38.55391521,1.133522416,1,38.60051813
F_CYL_OUTR_40_LEN_162_OVERSAMPLE_SKEL,38.55668293,1.095289067,1,38.60051813
F_CYL_OUTR_40_LEN_172_OVERSAMPLE_SKEL,38.55910385,1.06071101,1,38.60051813
F_CYL_OUTR_40_LEN_182_OVERSAMPLE_SKEL,38.56123933,1.029241503,1,38.60051813
F_CYL_OUTR_40_LEN_192_OVERSAMPLE_SKEL,38.56313702,1.000441822,1,38.60051813
F_CYL_OUTR_40_LEN_2_OVERSAMPLE_SKEL,1,0,1,1
F_CYL_OUTR_40_LEN_22_OVERSAMPLE_SKEL,20.98765547,0.230883244,1,21
F_CYL_OUTR_40_LEN_32_OVERSAMPLE_SKEL,30.93122411,1.298948156,1,31
F_CYL_OUTR_40_LEN_42_OVERSAMPLE_SKEL,38.40013049,2.448604695,1,38.60051813
F_CYL_OUTR_40_LEN_52_OVERSAMPLE_SKEL,38.44939682,2.119355853,1,38.60051813
F_CYL_OUTR_40_LEN_62_OVERSAMPLE_SKEL,38.47880588,1.895141114,1,38.60051813
F_CYL_OUTR_40_LEN_72_OVERSAMPLE_SKEL,38.49834951,1.729867141,1,38.60051813
F_CYL_OUTR_40_LEN_82_OVERSAMPLE_SKEL,38.5122788,1.601550747,1,38.60051813
F_CYL_OUTR_40_LEN_92_OVERSAMPLE_SKEL,38.52270917,1.498203433,1,38.60051813
F_CYL_OUTR_41_LEN_102_OVERSAMPLE_SKEL,39.48939035,1.884433487,1,39.62322551
F_CYL_OUTR_41_LEN_112_OVERSAMPLE_SKEL,39.5025198,1.786687052,1,39.62322551
F_CYL_OUTR_41_LEN_12_OVERSAMPLE_SKEL,10.99664787,0.060644883,9.899494937,11
F_CYL_OUTR_41_LEN_122_OVERSAMPLE_SKEL,39.51322552,1.702762219,1,39.62322551
F_CYL_OUTR_41_LEN_132_OVERSAMPLE_SKEL,39.52212193,1.629682874,1,39.62322551
F_CYL_OUTR_41_LEN_142_OVERSAMPLE_SKEL,39.52963197,1.565299061,1,39.62322551
F_CYL_OUTR_41_LEN_152_OVERSAMPLE_SKEL,39.53605628,1.508013734,1,39.62322551
F_CYL_OUTR_41_LEN_162_OVERSAMPLE_SKEL,39.54161443,1.456612428,1,39.62322551
F_CYL_OUTR_41_LEN_172_OVERSAMPLE_SKEL,39.54647053,1.410152953,1,39.62322551
F_CYL_OUTR_41_LEN_182_OVERSAMPLE_SKEL,39.5507497,1.367891632,1,39.62322551
F_CYL_OUTR_41_LEN_192_OVERSAMPLE_SKEL,39.55454898,1.329232572,1,39.62322551
F_CYL_OUTR_41_LEN_2_OVERSAMPLE_SKEL,1,0,1,1
F_CYL_OUTR_41_LEN_22_OVERSAMPLE_SKEL,20.98428287,0.483943129,1,21
F_CYL_OUTR_41_LEN_32_OVERSAMPLE_SKEL,30.84811531,1.888745399,1,31
F_CYL_OUTR_41_LEN_42_OVERSAMPLE_SKEL,39.21603957,3.308124439,1,39.62322551
F_CYL_OUTR_41_LEN_52_OVERSAMPLE_SKEL,39.32101067,2.849997501,1,39.62322551
F_CYL_OUTR_41_LEN_62_OVERSAMPLE_SKEL,39.38255209,2.541309151,1,39.62322551
F_CYL_OUTR_41_LEN_72_OVERSAMPLE_SKEL,39.42299626,2.315257233,1,39.62322551
F_CYL_OUTR_41_LEN_82_OVERSAMPLE_SKEL,39.4516044,2.140534426,1,39.62322551
F_CYL_OUTR_41_LEN_92_OVERSAMPLE_SKEL,39.47290902,2.00026256,1,39.62322551
F_CYL_OUTR_42_LEN_102_OVERSAMPLE_SKEL,40.6397436,1.558839399,1,40.71854614
F_CYL_OUTR_42_LEN_112_OVERSAMPLE_SKEL,40.64715823,1.478617578,1,40.71854614
F_CYL_OUTR_42_LEN_12_OVERSAMPLE_SKEL,10.99743173,0.053101804,9.899494937,11
F_CYL_OUTR_42_LEN_122_OVERSAMPLE_SKEL,40.65321404,1.409685732,1,40.71854614
F_CYL_OUTR_42_LEN_132_OVERSAMPLE_SKEL,40.6582532,1.34962445,1,40.71854614
F_CYL_OUTR_42_LEN_142_OVERSAMPLE_SKEL,40.66251189,1.296682955,1,40.71854614
F_CYL_OUTR_42_LEN_152_OVERSAMPLE_SKEL,40.66615841,1.249558872,1,40.71854614
F_CYL_OUTR_42_LEN_162_OVERSAMPLE_SKEL,40.66931589,1.207260622,1,40.71854614
F_CYL_OUTR_42_LEN_172_OVERSAMPLE_SKEL,40.67207654,1.169018137,1,40.71854614
F_CYL_OUTR_42_LEN_182_OVERSAMPLE_SKEL,40.67451074,1.134223055,1,40.71854614
F_CYL_OUTR_42_LEN_192_OVERSAMPLE_SKEL,40.67667317,1.102387526,1,40.71854614
F_CYL_OUTR_42_LEN_2_OVERSAMPLE_SKEL,1,0,1,1
F_CYL_OUTR_42_LEN_22_OVERSAMPLE_SKEL,20.99541949,0.197771306,1,21
F_CYL_OUTR_42_LEN_32_OVERSAMPLE_SKEL,30.93760805,1.249454186,1,31
F_CYL_OUTR_42_LEN_42_OVERSAMPLE_SKEL,40.48836015,2.716784624,1,40.71854614
F_CYL_OUTR_42_LEN_52_OVERSAMPLE_SKEL,40.54582801,2.346668119,1,40.71854614
F_CYL_OUTR_42_LEN_62_OVERSAMPLE_SKEL,40.5799029,2.095835298,1,40.71854614
F_CYL_OUTR_42_LEN_72_OVERSAMPLE_SKEL,40.60245288,1.911495096,1,40.71854614
F_CYL_OUTR_42_LEN_82_OVERSAMPLE_SKEL,40.61847918,1.768669536,1,40.71854614
F_CYL_OUTR_42_LEN_92_OVERSAMPLE_SKEL,40.63045498,1.653807963,1,40.71854614
F_CYL_OUTR_43_LEN_102_OVERSAMPLE_SKEL,41.63732647,2.097127321,1,41.78516483
F_CYL_OUTR_43_LEN_112_OVERSAMPLE_SKEL,41.65243448,1.987589057,1,41.78516483
F_CYL_OUTR_43_LEN_12_OVERSAMPLE_SKEL,10.99729827,0.054460713,9.899494937,11
F_CYL_OUTR_43_LEN_122_OVERSAMPLE_SKEL,41.66474093,1.893597109,1,41.78516483
F_CYL_OUTR_43_LEN_132_OVERSAMPLE_SKEL,41.67495897,1.811790997,1,41.78516483
F_CYL_OUTR_43_LEN_142_OVERSAMPLE_SKEL,41.68357862,1.739746493,1,41.78516483
F_CYL_OUTR_43_LEN_152_OVERSAMPLE_SKEL,41.69094772,1.675664917,1,41.78516483
F_CYL_OUTR_43_LEN_162_OVERSAMPLE_SKEL,41.69732001,1.618179811,1,41.78516483
F_CYL_OUTR_43_LEN_172_OVERSAMPLE_SKEL,41.70288494,1.566231962,1,41.78516483
F_CYL_OUTR_43_LEN_182_OVERSAMPLE_SKEL,41.70778681,1.518985933,1,41.78516483
F_CYL_OUTR_43_LEN_192_OVERSAMPLE_SKEL,41.71213745,1.475772728,1,41.78516483
F_CYL_OUTR_43_LEN_2_OVERSAMPLE_SKEL,1,0,1,1
F_CYL_OUTR_43_LEN_22_OVERSAMPLE_SKEL,20.98321318,0.465916282,1,21
F_CYL_OUTR_43_LEN_32_OVERSAMPLE_SKEL,30.8770813,1.726139155,1,31
F_CYL_OUTR_43_LEN_42_OVERSAMPLE_SKEL,40.55522043,3.501622334,1,41
F_CYL_OUTR_43_LEN_52_OVERSAMPLE_SKEL,41.44205342,3.184334737,1,41.78516483
F_CYL_OUTR_43_LEN_62_OVERSAMPLE_SKEL,41.51375265,2.835580551,1,41.78516483
F_CYL_OUTR_43_LEN_72_OVERSAMPLE_SKEL,41.56066573,2.580941872,1,41.78516483
F_CYL_OUTR_43_LEN_82_OVERSAMPLE_SKEL,41.59375121,2.384511031,1,41.78516483
F_CYL_OUTR_43_LEN_92_OVERSAMPLE_SKEL,41.61833735,2.227031515,1,41.78516483
F_CYL_OUTR_44_LEN_102_OVERSAMPLE_SKEL,42.55916778,1.573084767,1,42.63801121
F_CYL_OUTR_44_LEN_112_OVERSAMPLE_SKEL,42.56672098,1.491547278,1,42.63801121
F_CYL_OUTR_44_LEN_12_OVERSAMPLE_SKEL,10.99339927,0.089959717,9.486832981,11
F_CYL_OUTR_44_LEN_122_OVERSAMPLE_SKEL,42.57288243,1.42154476,1,42.63801121
F_CYL_OUTR_44_LEN_132_OVERSAMPLE_SKEL,42.57800435,1.360592899,1,42.63801121
F_CYL_OUTR_44_LEN_142_OVERSAMPLE_SKEL,42.58232935,1.306897147,1,42.63801121
F_CYL_OUTR_44_LEN_152_OVERSAMPLE_SKEL,42.58602999,1.259124551,1,42.63801121
F_CYL_OUTR_44_LEN_162_OVERSAMPLE_SKEL,42.58923237,1.216261523,1,42.63801121
F_CYL_OUTR_44_LEN_172_OVERSAMPLE_SKEL,42.59203077,1.177521753,1,42.63801121
F_CYL_OUTR_44_LEN_182_OVERSAMPLE_SKEL,42.59449711,1.142284625,1,42.63801121
F_CYL_OUTR_44_LEN_192_OVERSAMPLE_SKEL,42.59668717,1.11005287,1,42.63801121
F_CYL_OUTR_44_LEN_2_OVERSAMPLE_SKEL,1,0,1,1
F_CYL_OUTR_44_LEN_22_OVERSAMPLE_SKEL,20.99253246,0.201386351,1,21
F_CYL_OUTR_44_LEN_32_OVERSAMPLE_SKEL,30.95764594,0.989648836,1,31
F_CYL_OUTR_44_LEN_42_OVERSAMPLE_SKEL,40.80405788,2.488630314,1,41
F_CYL_OUTR_44_LEN_52_OVERSAMPLE_SKEL,42.46261103,2.378850677,1,42.63801121
F_CYL_OUTR_44_LEN_62_OVERSAMPLE_SKEL,42.49783524,2.121187295,1,42.63801121
F_CYL_OUTR_44_LEN_72_OVERSAMPLE_SKEL,42.52102578,1.932538453,1,42.63801121
F_CYL_OUTR_44_LEN_82_OVERSAMPLE_SKEL,42.53744958,1.786746573,1,42.63801121
F_CYL_OUTR_44_LEN_92_OVERSAMPLE_SKEL,42.54969126,1.669714452,1,42.63801121
F_CYL_OUTR_45_LEN_102_OVERSAMPLE_SKEL,43.69844584,2.089913258,1,43.84062043
F_CYL_OUTR_45_LEN_112_OVERSAMPLE_SKEL,43.7130513,1.980128061,1,43.84062043
F_CYL_OUTR_45_LEN_12_OVERSAMPLE_SKEL,10.99672509,0.05994436,9.899494937,11
F_CYL_OUTR_45_LEN_122_OVERSAMPLE_SKEL,43.7249355,1.886004903,1,43.84062043
F_CYL_OUTR_45_LEN_132_OVERSAMPLE_SKEL,43.73479416,1.804142262,1,43.84062043
F_CYL_OUTR_45_LEN_142_OVERSAMPLE_SKEL,43.74310446,1.732090437,1,43.84062043
F_CYL_OUTR_45_LEN_152_OVERSAMPLE_SKEL,43.75020462,1.668034397,1,43.84062043
F_CYL_OUTR_45_LEN_162_OVERSAMPLE_SKEL,43.75634102,1.610596898,1,43.84062043
F_CYL_OUTR_45_LEN_172_OVERSAMPLE_SKEL,43.76169742,1.558711459,1,43.84062043
F_CYL_OUTR_45_LEN_182_OVERSAMPLE_SKEL,43.76641365,1.511537648,1,43.84062043
F_CYL_OUTR_45_LEN_192_OVERSAMPLE_SKEL,43.770598,1.468402993,1,43.84062043
F_CYL_OUTR_45_LEN_2_OVERSAMPLE_SKEL,1,0,1,1
F_CYL_OUTR_45_LEN_22_OVERSAMPLE_SKEL,20.98911035,0.385541744,1,21
F_CYL_OUTR_45_LEN_32_OVERSAMPLE_SKEL,30.91231247,1.45389418,1,31
F_CYL_OUTR_45_LEN_42_OVERSAMPLE_SKEL,40.6635388,3.095684571,1,41
F_CYL_OUTR_45_LEN_52_OVERSAMPLE_SKEL,43.50808503,3.186298603,1,43.84062043
F_CYL_OUTR_45_LEN_62_OVERSAMPLE_SKEL,43.57832397,2.833105469,1,43.84062043
F_CYL_OUTR_45_LEN_72_OVERSAMPLE_SKEL,43.62406528,2.576173634,1,43.84062043
F_CYL_OUTR_45_LEN_82_OVERSAMPLE_SKEL,43.65622211,2.378466781,1,43.84062043
F_CYL_OUTR_45_LEN_92_OVERSAMPLE_SKEL,43.6800636,2.220249032,1,43.84062043
F_CYL_OUTR_46_LEN_102_OVERSAMPLE_SKEL,44.56012985,1.78650279,1,44.65422712
F_CYL_OUTR_46_LEN_112_OVERSAMPLE_SKEL,44.56935561,1.692963261,1,44.65422712
F_CYL_OUTR_46_LEN_12_OVERSAMPLE_SKEL,10.99736216,0.053814435,9.899494937,11
F_CYL_OUTR_46_LEN_122_OVERSAMPLE_SKEL,44.57686709,1.612764078,1,44.65422712
F_CYL_OUTR_46_LEN_132_OVERSAMPLE_SKEL,44.58310148,1.543010193,1,44.65422712
F_CYL_OUTR_46_LEN_142_OVERSAMPLE_SKEL,44.58835895,1.481616032,1,44.65422712
F_CYL_OUTR_46_LEN_152_OVERSAMPLE_SKEL,44.59285244,1.427035966,1,44.65422712
F_CYL_OUTR_46_LEN_162_OVERSAMPLE_SKEL,44.5967372,1.378096935,1,44.65422712
F_CYL_OUTR_46_LEN_172_OVERSAMPLE_SKEL,44.60012907,1.333890405,1,44.65422712
F_CYL_OUTR_46_LEN_182_OVERSAMPLE_SKEL,44.60311627,1.29370031,1,44.65422712
F_CYL_OUTR_46_LEN_192_OVERSAMPLE_SKEL,44.60576714,1.256953616,1,44.65422712
F_CYL_OUTR_46_LEN_2_OVERSAMPLE_SKEL,1,0,1,1
F_CYL_OUTR_46_LEN_22_OVERSAMPLE_SKEL,20.99545238,0.186988233,1,21
F_CYL_OUTR_46_LEN_32_OVERSAMPLE_SKEL,30.96221631,0.932540251,1,31
F_CYL_OUTR_46_LEN_42_OVERSAMPLE_SKEL,40.81122802,2.453126877,1,41
F_CYL_OUTR_46_LEN_52_OVERSAMPLE_SKEL,44.44045784,2.719921309,1,44.65422712
F_CYL_OUTR_46_LEN_62_OVERSAMPLE_SKEL,44.48449081,2.41941672,1,44.65422712
F_CYL_OUTR_46_LEN_72_OVERSAMPLE_SKEL,44.51324359,2.200686531,1,44.65422712
F_CYL_OUTR_46_LEN_82_OVERSAMPLE_SKEL,44.53349391,2.032314794,1,44.65422712
F_CYL_OUTR_46_LEN_92_OVERSAMPLE_SKEL,44.54852736,1.897541778,1,44.65422712
F_CYL_OUTR_47_LEN_102_OVERSAMPLE_SKEL,45.6356032,2.350968091,1,45.80392996
F_CYL_OUTR_47_LEN_112_OVERSAMPLE_SKEL,45.65302237,2.226593096,1,45.80392996
F_CYL_OUTR_47_LEN_12_OVERSAMPLE_SKEL,10.99800113,0.046859102,9.899494937,11
F_CYL_OUTR_47_LEN_122_OVERSAMPLE_SKEL,45.66717442,2.120075395,1,45.80392996
F_CYL_OUTR_47_LEN_132_OVERSAMPLE_SKEL,45.6788997,2.027513981,1,45.80392996
F_CYL_OUTR_47_LEN_142_OVERSAMPLE_SKEL,45.68877313,1.946105316,1,45.80392996
F_CYL_OUTR_47_LEN_152_OVERSAMPLE_SKEL,45.69720131,1.873775821,1,45.80392996
F_CYL_OUTR_47_LEN_162_OVERSAMPLE_SKEL,45.70447994,1.808954391,1,45.80392996
F_CYL_OUTR_47_LEN_172_OVERSAMPLE_SKEL,45.71082917,1.750425959,1,45.80392996
F_CYL_OUTR_47_LEN_182_OVERSAMPLE_SKEL,45.71641635,1.697234054,1,45.80392996
F_CYL_OUTR_47_LEN_192_OVERSAMPLE_SKEL,45.72137089,1.648614089,1,45.80392996
F_CYL_OUTR_47_LEN_2_OVERSAMPLE_SKEL,1,0,1,1
F_CYL_OUTR_47_LEN_22_OVERSAMPLE_SKEL,20.99109954,0.369405903,1,21
F_CYL_OUTR_47_LEN_32_OVERSAMPLE_SKEL,30.91411942,1.395719961,1,31
F_CYL_OUTR_47_LEN_42_OVERSAMPLE_SKEL,40.68414803,3.050734103,1,41
F_CYL_OUTR_47_LEN_52_OVERSAMPLE_SKEL,45.40585602,3.602693426,1,45.80392996
F_CYL_OUTR_47_LEN_62_OVERSAMPLE_SKEL,45.49121908,3.197309577,1,45.80392996
F_CYL_OUTR_47_LEN_72_OVERSAMPLE_SKEL,45.54643612,2.903775822,1,45.80392996
F_CYL_OUTR_47_LEN_82_OVERSAMPLE_SKEL,45.58507969,2.678608941,1,45.80392996
F_CYL_OUTR_47_LEN_92_OVERSAMPLE_SKEL,45.6136379,2.498821151,1,45.80392996
F_CYL_OUTR_48_LEN_102_OVERSAMPLE_SKEL,46.56375601,1.946770708,1,46.66904756
F_CYL_OUTR_48_LEN_112_OVERSAMPLE_SKEL,46.57459832,1.844092399,1,46.66904756
F_CYL_OUTR_48_LEN_12_OVERSAMPLE_SKEL,10.9970931,0.056485498,9.899494937,11
F_CYL_OUTR_48_LEN_122_OVERSAMPLE_SKEL,46.58341614,1.756115923,1,46.66904756
F_CYL_OUTR_48_LEN_132_OVERSAMPLE_SKEL,46.59072808,1.679637581,1,46.66904756
F_CYL_OUTR_48_LEN_142_OVERSAMPLE_SKEL,46.59688955,1.612352916,1,46.66904756
F_CYL_OUTR_48_LEN_152_OVERSAMPLE_SKEL,46.60215227,1.552556217,1,46.66904756
F_CYL_OUTR_48_LEN_162_OVERSAMPLE_SKEL,46.60669951,1.498954295,1,46.66904756
F_CYL_OUTR_48_LEN_172_OVERSAMPLE_SKEL,46.6106679,1.450546474,1,46.66904756
F_CYL_OUTR_48_LEN_182_OVERSAMPLE_SKEL,46.61416135,1.406544681,1,46.66904756
F_CYL_OUTR_48_LEN_192_OVERSAMPLE_SKEL,46.61726031,1.366318682,1,46.66904756
F_CYL_OUTR_48_LEN_2_OVERSAMPLE_SKEL,1,0,1,1
F_CYL_OUTR_48_LEN_22_OVERSAMPLE_SKEL,20.99542209,0.174638272,1,21
F_CYL_OUTR_48_LEN_32_OVERSAMPLE_SKEL,30.9692103,0.894025515,1,31
F_CYL_OUTR_48_LEN_42_OVERSAMPLE_SKEL,40.83747028,2.308570883,1,41
F_CYL_OUTR_48_LEN_52_OVERSAMPLE_SKEL,46.42189852,2.976733934,1,46.66904756
F_CYL_OUTR_48_LEN_62_OVERSAMPLE_SKEL,46.4743587,2.643921762,1,46.66904756
F_CYL_OUTR_48_LEN_72_OVERSAMPLE_SKEL,46.50844782,2.402462064,1,46.66904756
F_CYL_OUTR_48_LEN_82_OVERSAMPLE_SKEL,46.53237802,2.216994023,1,46.66904756
F_CYL_OUTR_48_LEN_92_OVERSAMPLE_SKEL,46.55010159,2.068761892,1,46.66904756
F_CYL_OUTR_49_LEN_102_OVERSAMPLE_SKEL,47.66624632,2.546172864,1,47.85394446
F_CYL_OUTR_49_LEN_112_OVERSAMPLE_SKEL,47.6858034,2.410558714,1,47.85394446
F_CYL_OUTR_49_LEN_12_OVERSAMPLE_SKEL,10.99770081,0.050249168,9.899494937,11
F_CYL_OUTR_49_LEN_122_OVERSAMPLE_SKEL,47.70166958,2.294534716,1,47.85394446
F_CYL_OUTR_49_LEN_132_OVERSAMPLE_SKEL,47.7147996,2.193797414,1,47.85394446
F_CYL_OUTR_49_LEN_142_OVERSAMPLE_SKEL,47.72584508,2.105260257,1,47.85394446
F_CYL_OUTR_49_LEN_152_OVERSAMPLE_SKEL,47.73526591,2.026644157,1,47.85394446
F_CYL_OUTR_49_LEN_162_OVERSAMPLE_SKEL,47.743396,1.956224741,1,47.85394446
F_CYL_OUTR_49_LEN_172_OVERSAMPLE_SKEL,47.7504836,1.892670021,1,47.85394446
F_CYL_OUTR_49_LEN_182_OVERSAMPLE_SKEL,47.75671713,1.834932588,1,47.85394446
F_CYL_OUTR_49_LEN_192_OVERSAMPLE_SKEL,47.76224221,1.782175927,1,47.85394446
F_CYL_OUTR_49_LEN_2_OVERSAMPLE_SKEL,1,0,1,1
F_CYL_OUTR_49_LEN_22_OVERSAMPLE_SKEL,20.99144805,0.3516033,1,21
F_CYL_OUTR_49_LEN_32_OVERSAMPLE_SKEL,30.9260112,1.33567715,1,31
F_CYL_OUTR_49_LEN_42_OVERSAMPLE_SKEL,40.71633411,2.92862289,1,41
F_CYL_OUTR_49_LEN_52_OVERSAMPLE_SKEL,47.40536995,3.921289166,1,47.85394446
F_CYL_OUTR_49_LEN_62_OVERSAMPLE_SKEL,47.50294016,3.47364154,1,47.85394446
F_CYL_OUTR_49_LEN_72_OVERSAMPLE_SKEL,47.56564801,3.150969342,1,47.85394446
F_CYL_OUTR_49_LEN_82_OVERSAMPLE_SKEL,47.60934615,2.904200603,1,47.85394446
F_CYL_OUTR_49_LEN_92_OVERSAMPLE_SKEL,47.64154092,2.707593113,1,47.85394446
F_CYL_OUTR_5_LEN_102_OVERSAMPLE_SKEL,4.242640687,8.88E-16,4.242640687,4.242640687
F_CYL_OUTR_5_LEN_112_OVERSAMPLE_SKEL,4.242640687,0,4.242640687,4.242640687
F_CYL_OUTR_5_LEN_12_OVERSAMPLE_SKEL,4.242640687,8.88E-16,4.242640687,4.242640687
F_CYL_OUTR_5_LEN_122_OVERSAMPLE_SKEL,4.242640687,0,4.242640687,4.242640687
F_CYL_OUTR_5_LEN_132_OVERSAMPLE_SKEL,4.242640687,0,4.242640687,4.242640687
F_CYL_OUTR_5_LEN_142_OVERSAMPLE_SKEL,4.242640687,0,4.242640687,4.242640687
F_CYL_OUTR_5_LEN_152_OVERSAMPLE_SKEL,4.242640687,0,4.242640687,4.242640687
F_CYL_OUTR_5_LEN_162_OVERSAMPLE_SKEL,4.242640687,0,4.242640687,4.242640687
F_CYL_OUTR_5_LEN_172_OVERSAMPLE_SKEL,4.242640687,0,4.242640687,4.242640687
F_CYL_OUTR_5_LEN_182_OVERSAMPLE_SKEL,4.242640687,8.88E-16,4.242640687,4.242640687
F_CYL_OUTR_5_LEN_192_OVERSAMPLE_SKEL,4.242640687,0,4.242640687,4.242640687
F_CYL_OUTR_5_LEN_2_OVERSAMPLE_SKEL,1,0,1,1
F_CYL_OUTR_5_LEN_22_OVERSAMPLE_SKEL,4.242640687,8.88E-16,4.242640687,4.242640687
F_CYL_OUTR_5_LEN_32_OVERSAMPLE_SKEL,4.242640687,8.88E-16,4.242640687,4.242640687
F_CYL_OUTR_5_LEN_42_OVERSAMPLE_SKEL,4.242640687,0,4.242640687,4.242640687
F_CYL_OUTR_5_LEN_52_OVERSAMPLE_SKEL,4.242640687,0,4.242640687,4.242640687
F_CYL_OUTR_5_LEN_62_OVERSAMPLE_SKEL,4.242640687,0,4.242640687,4.242640687
F_CYL_OUTR_5_LEN_72_OVERSAMPLE_SKEL,4.242640687,0,4.242640687,4.242640687
F_CYL_OUTR_5_LEN_82_OVERSAMPLE_SKEL,4.242640687,0,4.242640687,4.242640687
F_CYL_OUTR_5_LEN_92_OVERSAMPLE_SKEL,4.242640687,8.88E-16,4.242640687,4.242640687
F_CYL_OUTR_50_LEN_102_OVERSAMPLE_SKEL,48.47608378,2.169262319,1,48.60041152
F_CYL_OUTR_50_LEN_112_OVERSAMPLE_SKEL,48.48897927,2.054033265,1,48.60041152
F_CYL_OUTR_50_LEN_12_OVERSAMPLE_SKEL,10.99821672,0.044264271,9.899494937,11
F_CYL_OUTR_50_LEN_122_OVERSAMPLE_SKEL,48.49945106,1.955409507,1,48.60041152
F_CYL_OUTR_50_LEN_132_OVERSAMPLE_SKEL,48.50812376,1.869751259,1,48.60041152
F_CYL_OUTR_50_LEN_142_OVERSAMPLE_SKEL,48.51542433,1.794445916,1,48.60041152
F_CYL_OUTR_50_LEN_152_OVERSAMPLE_SKEL,48.52165452,1.727563081,1,48.60041152
F_CYL_OUTR_50_LEN_162_OVERSAMPLE_SKEL,48.52703367,1.667641389,1,48.60041152
F_CYL_OUTR_50_LEN_172_OVERSAMPLE_SKEL,48.53172499,1.613551476,1,48.60041152
F_CYL_OUTR_50_LEN_182_OVERSAMPLE_SKEL,48.53585249,1.564404897,1,48.60041152
F_CYL_OUTR_50_LEN_192_OVERSAMPLE_SKEL,48.53951206,1.519491837,1,48.60041152
F_CYL_OUTR_50_LEN_2_OVERSAMPLE_SKEL,1,0,1,1
F_CYL_OUTR_50_LEN_22_OVERSAMPLE_SKEL,20.99672131,0.169411258,1,21
F_CYL_OUTR_50_LEN_32_OVERSAMPLE_SKEL,30.96682156,0.860129164,1,31
F_CYL_OUTR_50_LEN_42_OVERSAMPLE_SKEL,40.85003861,2.226687109,1,41
F_CYL_OUTR_50_LEN_52_OVERSAMPLE_SKEL,48.30535923,3.334232254,1,48.60041152
F_CYL_OUTR_50_LEN_62_OVERSAMPLE_SKEL,48.36893193,2.955757376,1,48.60041152
F_CYL_OUTR_50_LEN_72_OVERSAMPLE_SKEL,48.40996583,2.682464382,1,48.60041152
F_CYL_OUTR_50_LEN_82_OVERSAMPLE_SKEL,48.43864231,2.473210387,1,48.60041152
F_CYL_OUTR_50_LEN_92_OVERSAMPLE_SKEL,48.45981302,2.30634895,1,48.60041152
F_CYL_OUTR_6_LEN_102_OVERSAMPLE_SKEL,5,0,5,5
F_CYL_OUTR_6_LEN_112_OVERSAMPLE_SKEL,5,0,5,5
F_CYL_OUTR_6_LEN_12_OVERSAMPLE_SKEL,5,0,5,5
F_CYL_OUTR_6_LEN_122_OVERSAMPLE_SKEL,5,0,5,5
F_CYL_OUTR_6_LEN_132_OVERSAMPLE_SKEL,5,0,5,5
F_CYL_OUTR_6_LEN_142_OVERSAMPLE_SKEL,5,0,5,5
F_CYL_OUTR_6_LEN_152_OVERSAMPLE_SKEL,5,0,5,5
F_CYL_OUTR_6_LEN_162_OVERSAMPLE_SKEL,5,0,5,5
F_CYL_OUTR_6_LEN_172_OVERSAMPLE_SKEL,5,0,5,5
F_CYL_OUTR_6_LEN_182_OVERSAMPLE_SKEL,5,0,5,5
F_CYL_OUTR_6_LEN_192_OVERSAMPLE_SKEL,5,0,5,5
F_CYL_OUTR_6_LEN_2_OVERSAMPLE_SKEL,1,0,1,1
F_CYL_OUTR_6_LEN_22_OVERSAMPLE_SKEL,5,0,5,5
F_CYL_OUTR_6_LEN_32_OVERSAMPLE_SKEL,5,0,5,5
F_CYL_OUTR_6_LEN_42_OVERSAMPLE_SKEL,5,0,5,5
F_CYL_OUTR_6_LEN_52_OVERSAMPLE_SKEL,5,0,5,5
F_CYL_OUTR_6_LEN_62_OVERSAMPLE_SKEL,5,0,5,5
F_CYL_OUTR_6_LEN_72_OVERSAMPLE_SKEL,5,0,5,5
F_CYL_OUTR_6_LEN_82_OVERSAMPLE_SKEL,5,0,5,5
F_CYL_OUTR_6_LEN_92_OVERSAMPLE_SKEL,5,0,5,5
F_CYL_OUTR_7_LEN_102_OVERSAMPLE_SKEL,5.821765464,0.161002964,3,5.830951895
F_CYL_OUTR_7_LEN_112_OVERSAMPLE_SKEL,5.822601004,0.153529255,3,5.830951895
F_CYL_OUTR_7_LEN_12_OVERSAMPLE_SKEL,5.738638246,0.502805816,3,5.830951895
F_CYL_OUTR_7_LEN_122_OVERSAMPLE_SKEL,5.823297225,0.147008186,3,5.830951895
F_CYL_OUTR_7_LEN_132_OVERSAMPLE_SKEL,5.823886291,0.141253182,3,5.830951895
F_CYL_OUTR_7_LEN_142_OVERSAMPLE_SKEL,5.824391172,0.136125117,3,5.830951895
F_CYL_OUTR_7_LEN_152_OVERSAMPLE_SKEL,5.824828711,0.13151785,3,5.830951895
F_CYL_OUTR_7_LEN_162_OVERSAMPLE_SKEL,5.82521154,0.127348805,3,5.830951895
F_CYL_OUTR_7_LEN_172_OVERSAMPLE_SKEL,5.825549315,0.123552645,3,5.830951895
F_CYL_OUTR_7_LEN_182_OVERSAMPLE_SKEL,5.825849548,0.120076906,3,5.830951895
F_CYL_OUTR_7_LEN_192_OVERSAMPLE_SKEL,5.826118169,0.116878909,3,5.830951895
F_CYL_OUTR_7_LEN_2_OVERSAMPLE_SKEL,1,0,1,1
F_CYL_OUTR_7_LEN_22_OVERSAMPLE_SKEL,5.784920157,0.358042896,3,5.830951895
F_CYL_OUTR_7_LEN_32_OVERSAMPLE_SKEL,5.800291766,0.293014174,3,5.830951895
F_CYL_OUTR_7_LEN_42_OVERSAMPLE_SKEL,5.80796717,0.254047932,3,5.830951895
F_CYL_OUTR_7_LEN_52_OVERSAMPLE_SKEL,5.81256909,0.227382734,3,5.830951895
F_CYL_OUTR_7_LEN_62_OVERSAMPLE_SKEL,5.815635654,0.207665487,3,5.830951895
F_CYL_OUTR_7_LEN_72_OVERSAMPLE_SKEL,5.817825379,0.192323241,3,5.830951895
F_CYL_OUTR_7_LEN_82_OVERSAMPLE_SKEL,5.819467303,0.179945634,3,5.830951895
F_CYL_OUTR_7_LEN_92_OVERSAMPLE_SKEL,5.820744136,0.169686408,3,5.830951895
F_CYL_OUTR_8_LEN_102_OVERSAMPLE_SKEL,7,0,7,7
F_CYL_OUTR_8_LEN_112_OVERSAMPLE_SKEL,7,0,7,7
F_CYL_OUTR_8_LEN_12_OVERSAMPLE_SKEL,7,0,7,7
F_CYL_OUTR_8_LEN_122_OVERSAMPLE_SKEL,7,0,7,7
F_CYL_OUTR_8_LEN_132_OVERSAMPLE_SKEL,7,0,7,7
F_CYL_OUTR_8_LEN_142_OVERSAMPLE_SKEL,7,0,7,7
F_CYL_OUTR_8_LEN_152_OVERSAMPLE_SKEL,7,0,7,7
F_CYL_OUTR_8_LEN_162_OVERSAMPLE_SKEL,7,0,7,7
F_CYL_OUTR_8_LEN_172_OVERSAMPLE_SKEL,7,0,7,7
F_CYL_OUTR_8_LEN_182_OVERSAMPLE_SKEL,7,0,7,7
F_CYL_OUTR_8_LEN_192_OVERSAMPLE_SKEL,7,0,7,7
F_CYL_OUTR_8_LEN_2_OVERSAMPLE_SKEL,1,0,1,1
F_CYL_OUTR_8_LEN_22_OVERSAMPLE_SKEL,7,0,7,7
F_CYL_OUTR_8_LEN_32_OVERSAMPLE_SKEL,7,0,7,7
F_CYL_OUTR_8_LEN_42_OVERSAMPLE_SKEL,7,0,7,7
F_CYL_OUTR_8_LEN_52_OVERSAMPLE_SKEL,7,0,7,7
F_CYL_OUTR_8_LEN_62_OVERSAMPLE_SKEL,7,0,7,7
F_CYL_OUTR_8_LEN_72_OVERSAMPLE_SKEL,7,0,7,7
F_CYL_OUTR_8_LEN_82_OVERSAMPLE_SKEL,7,0,7,7
F_CYL_OUTR_8_LEN_92_OVERSAMPLE_SKEL,7,0,7,7
F_CYL_OUTR_9_LEN_102_OVERSAMPLE_SKEL,8.602325267,3.55E-15,8.602325267,8.602325267
F_CYL_OUTR_9_LEN_112_OVERSAMPLE_SKEL,8.602325267,1.78E-15,8.602325267,8.602325267
F_CYL_OUTR_9_LEN_12_OVERSAMPLE_SKEL,8.602325267,3.55E-15,8.602325267,8.602325267
F_CYL_OUTR_9_LEN_122_OVERSAMPLE_SKEL,8.602325267,1.78E-15,8.602325267,8.602325267
F_CYL_OUTR_9_LEN_132_OVERSAMPLE_SKEL,8.602325267,1.78E-15,8.602325267,8.602325267
F_CYL_OUTR_9_LEN_142_OVERSAMPLE_SKEL,8.602325267,1.78E-15,8.602325267,8.602325267
F_CYL_OUTR_9_LEN_152_OVERSAMPLE_SKEL,8.602325267,1.78E-15,8.602325267,8.602325267
F_CYL_OUTR_9_LEN_162_OVERSAMPLE_SKEL,8.602325267,1.78E-15,8.602325267,8.602325267
F_CYL_OUTR_9_LEN_172_OVERSAMPLE_SKEL,8.602325267,1.78E-15,8.602325267,8.602325267
F_CYL_OUTR_9_LEN_182_OVERSAMPLE_SKEL,8.602325267,1.78E-15,8.602325267,8.602325267
F_CYL_OUTR_9_LEN_192_OVERSAMPLE_SKEL,8.602325267,1.78E-15,8.602325267,8.602325267
F_CYL_OUTR_9_LEN_2_OVERSAMPLE_SKEL,1,0,1,1
F_CYL_OUTR_9_LEN_22_OVERSAMPLE_SKEL,8.602325267,1.78E-15,8.602325267,8.602325267
F_CYL_OUTR_9_LEN_32_OVERSAMPLE_SKEL,8.602325267,1.78E-15,8.602325267,8.602325267
F_CYL_OUTR_9_LEN_42_OVERSAMPLE_SKEL,8.602325267,1.78E-15,8.602325267,8.602325267
F_CYL_OUTR_9_LEN_52_OVERSAMPLE_SKEL,8.602325267,3.55E-15,8.602325267,8.602325267
F_CYL_OUTR_9_LEN_62_OVERSAMPLE_SKEL,8.602325267,1.78E-15,8.602325267,8.602325267
F_CYL_OUTR_9_LEN_72_OVERSAMPLE_SKEL,8.602325267,3.55E-15,8.602325267,8.602325267
F_CYL_OUTR_9_LEN_82_OVERSAMPLE_SKEL,8.602325267,1.78E-15,8.602325267,8.602325267
F_CYL_OUTR_9_LEN_92_OVERSAMPLE_SKEL,8.602325267,3.55E-15,8.602325267,8.602325267